,attration_id,country,province,city,lien_detail,image,titre,nbre_review,address,description,score,price
0,105,United States,New York (NY),New York City,https://www.tripadvisor.com/Attraction_Review-g60763-d3546757-Reviews-42nd_Street-New_York_City_New_York.html,"['https://dynamic-media-cdn.tripadvisor.com/media/photo-o/0b/d3/1c/63/amc-empire.jpg?w=500&h=400&s=1', 'data:image/svg+xml;utf8,%3C%3Fxml%20version%3D%221.0%22%20%3F%3E%3Csvg%20xmlns%3D%22http%3A%2F%2Fwww.w3.org%2F2000%2Fsvg%22%20preserveAspectRatio%3D%22none%22%20viewBox%3D%220%200%20156%20156%22%3E%3Cpath%20fill%3D%22%23FAF1ED%22%20d%3D%22M0%200h156v156H0z%22%20%2F%3E%3Cpath%20fill%3D%22%23F2B203%22%20d%3D%22M129.486%20156H156V0h-53.961c1.982%2011.358%206.663%2021.346%2013.702%2027.5l.757.662c14.837%2012.97%2019.241%2042.948%209.84%2066.953l-.479%201.223c-7.923%2020.231-6.041%2044.702%203.627%2059.662z%22%2F%3E%3Cpath%20fill%3D%22%23FFCCCC%22%20d%3D%22M40.734%20156H0V76.867C21.271%2090.92%2036.97%20120.477%2040.734%20156z%22%20%2F%3E%3C%2Fsvg%3E', 'data:image/svg+xml;utf8,%3C%3Fxml%20version%3D%221.0%22%20%3F%3E%3Csvg%20xmlns%3D%22http%3A%2F%2Fwww.w3.org%2F2000%2Fsvg%22%20preserveAspectRatio%3D%22none%22%20viewBox%3D%220%200%20156%20156%22%3E%3Cpath%20fill%3D%22%23FAF1ED%22%20d%3D%22M0%200h156v156H0z%22%20%2F%3E%3Cpath%20fill%3D%22%23F2B203%22%20d%3D%22M129.486%20156H156V0h-53.961c1.982%2011.358%206.663%2021.346%2013.702%2027.5l.757.662c14.837%2012.97%2019.241%2042.948%209.84%2066.953l-.479%201.223c-7.923%2020.231-6.041%2044.702%203.627%2059.662z%22%2F%3E%3Cpath%20fill%3D%22%23FFCCCC%22%20d%3D%22M40.734%20156H0V76.867C21.271%2090.92%2036.97%20120.477%2040.734%20156z%22%20%2F%3E%3C%2Fsvg%3E']",106. 42nd Street,438,"{'lat': 40.75611115, 'lng': -74.00055695}",Points of Interest & Landmarks • Historic Walking Areas,4.5,185.0
1,106,United States,New York (NY),New York City,https://www.tripadvisor.com/Attraction_Review-g60763-d2263727-Reviews-St_Joseph_s_Chapel_Catholic_Memorial_at_Ground_Zero-New_York_City_New_York.html,"['https://dynamic-media-cdn.tripadvisor.com/media/photo-o/10/aa/58/d1/general-1.jpg?w=500&h=400&s=1', 'data:image/svg+xml;utf8,%3C%3Fxml%20version%3D%221.0%22%20%3F%3E%3Csvg%20xmlns%3D%22http%3A%2F%2Fwww.w3.org%2F2000%2Fsvg%22%20preserveAspectRatio%3D%22none%22%20viewBox%3D%220%200%20156%20156%22%3E%3Cpath%20fill%3D%22%23FAF1ED%22%20d%3D%22M0%200h156v156H0z%22%20%2F%3E%3Cpath%20fill%3D%22%23F2B203%22%20d%3D%22M129.486%20156H156V0h-53.961c1.982%2011.358%206.663%2021.346%2013.702%2027.5l.757.662c14.837%2012.97%2019.241%2042.948%209.84%2066.953l-.479%201.223c-7.923%2020.231-6.041%2044.702%203.627%2059.662z%22%2F%3E%3Cpath%20fill%3D%22%23FFCCCC%22%20d%3D%22M40.734%20156H0V76.867C21.271%2090.92%2036.97%20120.477%2040.734%20156z%22%20%2F%3E%3C%2Fsvg%3E', 'data:image/svg+xml;utf8,%3C%3Fxml%20version%3D%221.0%22%20%3F%3E%3Csvg%20xmlns%3D%22http%3A%2F%2Fwww.w3.org%2F2000%2Fsvg%22%20preserveAspectRatio%3D%22none%22%20viewBox%3D%220%200%20156%20156%22%3E%3Cpath%20fill%3D%22%23FAF1ED%22%20d%3D%22M0%200h156v156H0z%22%20%2F%3E%3Cpath%20fill%3D%22%23F2B203%22%20d%3D%22M129.486%20156H156V0h-53.961c1.982%2011.358%206.663%2021.346%2013.702%2027.5l.757.662c14.837%2012.97%2019.241%2042.948%209.84%2066.953l-.479%201.223c-7.923%2020.231-6.041%2044.702%203.627%2059.662z%22%2F%3E%3Cpath%20fill%3D%22%23FFCCCC%22%20d%3D%22M40.734%20156H0V76.867C21.271%2090.92%2036.97%20120.477%2040.734%20156z%22%20%2F%3E%3C%2Fsvg%3E']",107. St Joseph's Chapel Catholic Memorial at Ground Zero,1261,"{'lat': 40.70780182, 'lng': -74.01190186}",Religious Sites,4.5,0.0
2,107,United States,New York (NY),New York City,https://www.tripadvisor.com/Attraction_Review-g60763-d548861-Reviews-The_Museum_at_FIT-New_York_City_New_York.html,"['https://dynamic-media-cdn.tripadvisor.com/media/photo-o/0d/8e/e7/07/the-museum-s-lobby.jpg?w=500&h=400&s=1', 'data:image/svg+xml;utf8,%3C%3Fxml%20version%3D%221.0%22%20%3F%3E%3Csvg%20xmlns%3D%22http%3A%2F%2Fwww.w3.org%2F2000%2Fsvg%22%20preserveAspectRatio%3D%22none%22%20viewBox%3D%220%200%20156%20156%22%3E%3Cpath%20fill%3D%22%23FAF1ED%22%20d%3D%22M0%200h156v156H0z%22%20%2F%3E%3Cpath%20fill%3D%22%23F2B203%22%20d%3D%22M129.486%20156H156V0h-53.961c1.982%2011.358%206.663%2021.346%2013.702%2027.5l.757.662c14.837%2012.97%2019.241%2042.948%209.84%2066.953l-.479%201.223c-7.923%2020.231-6.041%2044.702%203.627%2059.662z%22%2F%3E%3Cpath%20fill%3D%22%23FFCCCC%22%20d%3D%22M40.734%20156H0V76.867C21.271%2090.92%2036.97%20120.477%2040.734%20156z%22%20%2F%3E%3C%2Fsvg%3E', 'data:image/svg+xml;utf8,%3C%3Fxml%20version%3D%221.0%22%20%3F%3E%3Csvg%20xmlns%3D%22http%3A%2F%2Fwww.w3.org%2F2000%2Fsvg%22%20preserveAspectRatio%3D%22none%22%20viewBox%3D%220%200%20156%20156%22%3E%3Cpath%20fill%3D%22%23FAF1ED%22%20d%3D%22M0%200h156v156H0z%22%20%2F%3E%3Cpath%20fill%3D%22%23F2B203%22%20d%3D%22M129.486%20156H156V0h-53.961c1.982%2011.358%206.663%2021.346%2013.702%2027.5l.757.662c14.837%2012.97%2019.241%2042.948%209.84%2066.953l-.479%201.223c-7.923%2020.231-6.041%2044.702%203.627%2059.662z%22%2F%3E%3Cpath%20fill%3D%22%23FFCCCC%22%20d%3D%22M40.734%20156H0V76.867C21.271%2090.92%2036.97%20120.477%2040.734%20156z%22%20%2F%3E%3C%2Fsvg%3E']",108. The Museum at FIT,247,No Address Found,Speciality Museums,4.5,58.0
3,108,United States,New York (NY),New York City,https://www.tripadvisor.com/Attraction_Review-g60763-d23845914-Reviews-RiseNY-New_York_City_New_York.html,"['https://dynamic-media-cdn.tripadvisor.com/media/photo-o/21/ec/1b/53/risenyco.jpg?w=500&h=400&s=1', 'data:image/svg+xml;utf8,%3C%3Fxml%20version%3D%221.0%22%20%3F%3E%3Csvg%20xmlns%3D%22http%3A%2F%2Fwww.w3.org%2F2000%2Fsvg%22%20preserveAspectRatio%3D%22none%22%20viewBox%3D%220%200%20156%20156%22%3E%3Cpath%20fill%3D%22%23FAF1ED%22%20d%3D%22M0%200h156v156H0z%22%20%2F%3E%3Cpath%20fill%3D%22%23F2B203%22%20d%3D%22M129.486%20156H156V0h-53.961c1.982%2011.358%206.663%2021.346%2013.702%2027.5l.757.662c14.837%2012.97%2019.241%2042.948%209.84%2066.953l-.479%201.223c-7.923%2020.231-6.041%2044.702%203.627%2059.662z%22%2F%3E%3Cpath%20fill%3D%22%23FFCCCC%22%20d%3D%22M40.734%20156H0V76.867C21.271%2090.92%2036.97%20120.477%2040.734%20156z%22%20%2F%3E%3C%2Fsvg%3E', 'data:image/svg+xml;utf8,%3C%3Fxml%20version%3D%221.0%22%20%3F%3E%3Csvg%20xmlns%3D%22http%3A%2F%2Fwww.w3.org%2F2000%2Fsvg%22%20preserveAspectRatio%3D%22none%22%20viewBox%3D%220%200%20156%20156%22%3E%3Cpath%20fill%3D%22%23FAF1ED%22%20d%3D%22M0%200h156v156H0z%22%20%2F%3E%3Cpath%20fill%3D%22%23F2B203%22%20d%3D%22M129.486%20156H156V0h-53.961c1.982%2011.358%206.663%2021.346%2013.702%2027.5l.757.662c14.837%2012.97%2019.241%2042.948%209.84%2066.953l-.479%201.223c-7.923%2020.231-6.041%2044.702%203.627%2059.662z%22%2F%3E%3Cpath%20fill%3D%22%23FFCCCC%22%20d%3D%22M40.734%20156H0V76.867C21.271%2090.92%2036.97%20120.477%2040.734%20156z%22%20%2F%3E%3C%2Fsvg%3E']",109. RiseNY,236,"{'lat': 40.71304703, 'lng': -74.00723267}",Game & Entertainment Centers • History Museums,4.5,36.3
4,109,United States,New York (NY),New York City,https://www.tripadvisor.com/Attraction_Review-g60763-d106187-Reviews-The_Jewish_Museum-New_York_City_New_York.html,"['https://dynamic-media-cdn.tripadvisor.com/media/photo-o/09/42/7b/ff/the-jewish-museum.jpg?w=500&h=400&s=1', 'data:image/svg+xml;utf8,%3C%3Fxml%20version%3D%221.0%22%20%3F%3E%3Csvg%20xmlns%3D%22http%3A%2F%2Fwww.w3.org%2F2000%2Fsvg%22%20preserveAspectRatio%3D%22none%22%20viewBox%3D%220%200%20156%20156%22%3E%3Cpath%20fill%3D%22%23FAF1ED%22%20d%3D%22M0%200h156v156H0z%22%20%2F%3E%3Cpath%20fill%3D%22%23F2B203%22%20d%3D%22M129.486%20156H156V0h-53.961c1.982%2011.358%206.663%2021.346%2013.702%2027.5l.757.662c14.837%2012.97%2019.241%2042.948%209.84%2066.953l-.479%201.223c-7.923%2020.231-6.041%2044.702%203.627%2059.662z%22%2F%3E%3Cpath%20fill%3D%22%23FFCCCC%22%20d%3D%22M40.734%20156H0V76.867C21.271%2090.92%2036.97%20120.477%2040.734%20156z%22%20%2F%3E%3C%2Fsvg%3E', 'data:image/svg+xml;utf8,%3C%3Fxml%20version%3D%221.0%22%20%3F%3E%3Csvg%20xmlns%3D%22http%3A%2F%2Fwww.w3.org%2F2000%2Fsvg%22%20preserveAspectRatio%3D%22none%22%20viewBox%3D%220%200%20156%20156%22%3E%3Cpath%20fill%3D%22%23FAF1ED%22%20d%3D%22M0%200h156v156H0z%22%20%2F%3E%3Cpath%20fill%3D%22%23F2B203%22%20d%3D%22M129.486%20156H156V0h-53.961c1.982%2011.358%206.663%2021.346%2013.702%2027.5l.757.662c14.837%2012.97%2019.241%2042.948%209.84%2066.953l-.479%201.223c-7.923%2020.231-6.041%2044.702%203.627%2059.662z%22%2F%3E%3Cpath%20fill%3D%22%23FFCCCC%22%20d%3D%22M40.734%20156H0V76.867C21.271%2090.92%2036.97%20120.477%2040.734%20156z%22%20%2F%3E%3C%2Fsvg%3E']",110. The Jewish Museum,489,"{'lat': 40.71304703, 'lng': -74.00723267}",Speciality Museums,4.5,478.73
5,110,United States,New York (NY),New York City,https://www.tripadvisor.com/Attraction_Review-g60763-d548731-Reviews-Riverside_Park-New_York_City_New_York.html,"['https://dynamic-media-cdn.tripadvisor.com/media/photo-o/0d/fc/63/5a/caption.jpg?w=500&h=-1&s=1', 'data:image/svg+xml;utf8,%3C%3Fxml%20version%3D%221.0%22%20%3F%3E%3Csvg%20xmlns%3D%22http%3A%2F%2Fwww.w3.org%2F2000%2Fsvg%22%20preserveAspectRatio%3D%22none%22%20viewBox%3D%220%200%20156%20156%22%3E%3Cpath%20fill%3D%22%23FAF1ED%22%20d%3D%22M0%200h156v156H0z%22%20%2F%3E%3Cpath%20fill%3D%22%23F2B203%22%20d%3D%22M129.486%20156H156V0h-53.961c1.982%2011.358%206.663%2021.346%2013.702%2027.5l.757.662c14.837%2012.97%2019.241%2042.948%209.84%2066.953l-.479%201.223c-7.923%2020.231-6.041%2044.702%203.627%2059.662z%22%2F%3E%3Cpath%20fill%3D%22%23FFCCCC%22%20d%3D%22M40.734%20156H0V76.867C21.271%2090.92%2036.97%20120.477%2040.734%20156z%22%20%2F%3E%3C%2Fsvg%3E', 'data:image/svg+xml;utf8,%3C%3Fxml%20version%3D%221.0%22%20%3F%3E%3Csvg%20xmlns%3D%22http%3A%2F%2Fwww.w3.org%2F2000%2Fsvg%22%20preserveAspectRatio%3D%22none%22%20viewBox%3D%220%200%20156%20156%22%3E%3Cpath%20fill%3D%22%23FAF1ED%22%20d%3D%22M0%200h156v156H0z%22%20%2F%3E%3Cpath%20fill%3D%22%23F2B203%22%20d%3D%22M129.486%20156H156V0h-53.961c1.982%2011.358%206.663%2021.346%2013.702%2027.5l.757.662c14.837%2012.97%2019.241%2042.948%209.84%2066.953l-.479%201.223c-7.923%2020.231-6.041%2044.702%203.627%2059.662z%22%2F%3E%3Cpath%20fill%3D%22%23FFCCCC%22%20d%3D%22M40.734%20156H0V76.867C21.271%2090.92%2036.97%20120.477%2040.734%20156z%22%20%2F%3E%3C%2Fsvg%3E']",111. Riverside Park,473,"{'lat': 40.81225967, 'lng': -73.9621048}",Parks,4.5,7.34
6,111,United States,New York (NY),New York City,https://www.tripadvisor.com/Attraction_Review-g60763-d7183628-Reviews-Lyric_Theatre-New_York_City_New_York.html,"['https://dynamic-media-cdn.tripadvisor.com/media/photo-o/09/cf/6e/c5/dominion-theatre.jpg?w=500&h=-1&s=1', 'data:image/svg+xml;utf8,%3C%3Fxml%20version%3D%221.0%22%20%3F%3E%3Csvg%20xmlns%3D%22http%3A%2F%2Fwww.w3.org%2F2000%2Fsvg%22%20preserveAspectRatio%3D%22none%22%20viewBox%3D%220%200%20156%20156%22%3E%3Cpath%20fill%3D%22%23FAF1ED%22%20d%3D%22M0%200h156v156H0z%22%20%2F%3E%3Cpath%20fill%3D%22%23F2B203%22%20d%3D%22M129.486%20156H156V0h-53.961c1.982%2011.358%206.663%2021.346%2013.702%2027.5l.757.662c14.837%2012.97%2019.241%2042.948%209.84%2066.953l-.479%201.223c-7.923%2020.231-6.041%2044.702%203.627%2059.662z%22%2F%3E%3Cpath%20fill%3D%22%23FFCCCC%22%20d%3D%22M40.734%20156H0V76.867C21.271%2090.92%2036.97%20120.477%2040.734%20156z%22%20%2F%3E%3C%2Fsvg%3E', 'data:image/svg+xml;utf8,%3C%3Fxml%20version%3D%221.0%22%20%3F%3E%3Csvg%20xmlns%3D%22http%3A%2F%2Fwww.w3.org%2F2000%2Fsvg%22%20preserveAspectRatio%3D%22none%22%20viewBox%3D%220%200%20156%20156%22%3E%3Cpath%20fill%3D%22%23FAF1ED%22%20d%3D%22M0%200h156v156H0z%22%20%2F%3E%3Cpath%20fill%3D%22%23F2B203%22%20d%3D%22M129.486%20156H156V0h-53.961c1.982%2011.358%206.663%2021.346%2013.702%2027.5l.757.662c14.837%2012.97%2019.241%2042.948%209.84%2066.953l-.479%201.223c-7.923%2020.231-6.041%2044.702%203.627%2059.662z%22%2F%3E%3Cpath%20fill%3D%22%23FFCCCC%22%20d%3D%22M40.734%20156H0V76.867C21.271%2090.92%2036.97%20120.477%2040.734%20156z%22%20%2F%3E%3C%2Fsvg%3E']",112. Lyric Theatre,214,"{'lat': 40.75611115, 'lng': -74.00055695}",Theaters,4.5,85.0
7,112,United States,New York (NY),New York City,https://www.tripadvisor.com/Attraction_Review-g60763-d3672463-Reviews-Studio_54-New_York_City_New_York.html,"['https://dynamic-media-cdn.tripadvisor.com/media/photo-o/08/3c/6f/3e/studio-54.jpg?w=500&h=-1&s=1', 'data:image/svg+xml;utf8,%3C%3Fxml%20version%3D%221.0%22%20%3F%3E%3Csvg%20xmlns%3D%22http%3A%2F%2Fwww.w3.org%2F2000%2Fsvg%22%20preserveAspectRatio%3D%22none%22%20viewBox%3D%220%200%20156%20156%22%3E%3Cpath%20fill%3D%22%23FAF1ED%22%20d%3D%22M0%200h156v156H0z%22%20%2F%3E%3Cpath%20fill%3D%22%23F2B203%22%20d%3D%22M129.486%20156H156V0h-53.961c1.982%2011.358%206.663%2021.346%2013.702%2027.5l.757.662c14.837%2012.97%2019.241%2042.948%209.84%2066.953l-.479%201.223c-7.923%2020.231-6.041%2044.702%203.627%2059.662z%22%2F%3E%3Cpath%20fill%3D%22%23FFCCCC%22%20d%3D%22M40.734%20156H0V76.867C21.271%2090.92%2036.97%20120.477%2040.734%20156z%22%20%2F%3E%3C%2Fsvg%3E', 'data:image/svg+xml;utf8,%3C%3Fxml%20version%3D%221.0%22%20%3F%3E%3Csvg%20xmlns%3D%22http%3A%2F%2Fwww.w3.org%2F2000%2Fsvg%22%20preserveAspectRatio%3D%22none%22%20viewBox%3D%220%200%20156%20156%22%3E%3Cpath%20fill%3D%22%23FAF1ED%22%20d%3D%22M0%200h156v156H0z%22%20%2F%3E%3Cpath%20fill%3D%22%23F2B203%22%20d%3D%22M129.486%20156H156V0h-53.961c1.982%2011.358%206.663%2021.346%2013.702%2027.5l.757.662c14.837%2012.97%2019.241%2042.948%209.84%2066.953l-.479%201.223c-7.923%2020.231-6.041%2044.702%203.627%2059.662z%22%2F%3E%3Cpath%20fill%3D%22%23FFCCCC%22%20d%3D%22M40.734%20156H0V76.867C21.271%2090.92%2036.97%20120.477%2040.734%20156z%22%20%2F%3E%3C%2Fsvg%3E']",113. Studio 54,261,"{'lat': 40.75992584, 'lng': -73.98041534}",Theaters,4.5,36.0
8,113,United States,New York (NY),New York City,https://www.tripadvisor.com/Attraction_Review-g60763-d105043-Reviews-Stone_Street_Historic_District-New_York_City_New_York.html,"['https://dynamic-media-cdn.tripadvisor.com/media/photo-o/10/4c/5b/2a/photo3jpg.jpg?w=500&h=-1&s=1', 'data:image/svg+xml;utf8,%3C%3Fxml%20version%3D%221.0%22%20%3F%3E%3Csvg%20xmlns%3D%22http%3A%2F%2Fwww.w3.org%2F2000%2Fsvg%22%20preserveAspectRatio%3D%22none%22%20viewBox%3D%220%200%20156%20156%22%3E%3Cpath%20fill%3D%22%23FAF1ED%22%20d%3D%22M0%200h156v156H0z%22%20%2F%3E%3Cpath%20fill%3D%22%23F2B203%22%20d%3D%22M129.486%20156H156V0h-53.961c1.982%2011.358%206.663%2021.346%2013.702%2027.5l.757.662c14.837%2012.97%2019.241%2042.948%209.84%2066.953l-.479%201.223c-7.923%2020.231-6.041%2044.702%203.627%2059.662z%22%2F%3E%3Cpath%20fill%3D%22%23FFCCCC%22%20d%3D%22M40.734%20156H0V76.867C21.271%2090.92%2036.97%20120.477%2040.734%20156z%22%20%2F%3E%3C%2Fsvg%3E', 'data:image/svg+xml;utf8,%3C%3Fxml%20version%3D%221.0%22%20%3F%3E%3Csvg%20xmlns%3D%22http%3A%2F%2Fwww.w3.org%2F2000%2Fsvg%22%20preserveAspectRatio%3D%22none%22%20viewBox%3D%220%200%20156%20156%22%3E%3Cpath%20fill%3D%22%23FAF1ED%22%20d%3D%22M0%200h156v156H0z%22%20%2F%3E%3Cpath%20fill%3D%22%23F2B203%22%20d%3D%22M129.486%20156H156V0h-53.961c1.982%2011.358%206.663%2021.346%2013.702%2027.5l.757.662c14.837%2012.97%2019.241%2042.948%209.84%2066.953l-.479%201.223c-7.923%2020.231-6.041%2044.702%203.627%2059.662z%22%2F%3E%3Cpath%20fill%3D%22%23FFCCCC%22%20d%3D%22M40.734%20156H0V76.867C21.271%2090.92%2036.97%20120.477%2040.734%20156z%22%20%2F%3E%3C%2Fsvg%3E']",114. Stone Street Historic District,213,"{'lat': 40.70780182, 'lng': -74.01190186}",Points of Interest & Landmarks,4.5,25.0
9,114,United States,New York (NY),New York City,https://www.tripadvisor.com/Attraction_Review-g60763-d11669135-Reviews-Westfield_World_Trade_Center-New_York_City_New_York.html,"['https://dynamic-media-cdn.tripadvisor.com/media/photo-o/0d/f9/57/b6/westfield-world-trade.jpg?w=500&h=-1&s=1', 'data:image/svg+xml;utf8,%3C%3Fxml%20version%3D%221.0%22%20%3F%3E%3Csvg%20xmlns%3D%22http%3A%2F%2Fwww.w3.org%2F2000%2Fsvg%22%20preserveAspectRatio%3D%22none%22%20viewBox%3D%220%200%20156%20156%22%3E%3Cpath%20fill%3D%22%23FAF1ED%22%20d%3D%22M0%200h156v156H0z%22%20%2F%3E%3Cpath%20fill%3D%22%23F2B203%22%20d%3D%22M129.486%20156H156V0h-53.961c1.982%2011.358%206.663%2021.346%2013.702%2027.5l.757.662c14.837%2012.97%2019.241%2042.948%209.84%2066.953l-.479%201.223c-7.923%2020.231-6.041%2044.702%203.627%2059.662z%22%2F%3E%3Cpath%20fill%3D%22%23FFCCCC%22%20d%3D%22M40.734%20156H0V76.867C21.271%2090.92%2036.97%20120.477%2040.734%20156z%22%20%2F%3E%3C%2Fsvg%3E', 'data:image/svg+xml;utf8,%3C%3Fxml%20version%3D%221.0%22%20%3F%3E%3Csvg%20xmlns%3D%22http%3A%2F%2Fwww.w3.org%2F2000%2Fsvg%22%20preserveAspectRatio%3D%22none%22%20viewBox%3D%220%200%20156%20156%22%3E%3Cpath%20fill%3D%22%23FAF1ED%22%20d%3D%22M0%200h156v156H0z%22%20%2F%3E%3Cpath%20fill%3D%22%23F2B203%22%20d%3D%22M129.486%20156H156V0h-53.961c1.982%2011.358%206.663%2021.346%2013.702%2027.5l.757.662c14.837%2012.97%2019.241%2042.948%209.84%2066.953l-.479%201.223c-7.923%2020.231-6.041%2044.702%203.627%2059.662z%22%2F%3E%3Cpath%20fill%3D%22%23FFCCCC%22%20d%3D%22M40.734%20156H0V76.867C21.271%2090.92%2036.97%20120.477%2040.734%20156z%22%20%2F%3E%3C%2Fsvg%3E']",115. Westfield World Trade Center,350,"{'lat': 40.70780182, 'lng': -74.01190186}",Shopping Malls,4.5,39.0
10,115,United States,New York (NY),New York City,https://www.tripadvisor.com/Attraction_Review-g60763-d2305249-Reviews-Fort_Tryon_Park-New_York_City_New_York.html,"['https://dynamic-media-cdn.tripadvisor.com/media/photo-o/09/ef/ef/33/fort-tryon-park.jpg?w=500&h=-1&s=1', 'data:image/svg+xml;utf8,%3C%3Fxml%20version%3D%221.0%22%20%3F%3E%3Csvg%20xmlns%3D%22http%3A%2F%2Fwww.w3.org%2F2000%2Fsvg%22%20preserveAspectRatio%3D%22none%22%20viewBox%3D%220%200%20156%20156%22%3E%3Cpath%20fill%3D%22%23FAF1ED%22%20d%3D%22M0%200h156v156H0z%22%20%2F%3E%3Cpath%20fill%3D%22%23F2B203%22%20d%3D%22M129.486%20156H156V0h-53.961c1.982%2011.358%206.663%2021.346%2013.702%2027.5l.757.662c14.837%2012.97%2019.241%2042.948%209.84%2066.953l-.479%201.223c-7.923%2020.231-6.041%2044.702%203.627%2059.662z%22%2F%3E%3Cpath%20fill%3D%22%23FFCCCC%22%20d%3D%22M40.734%20156H0V76.867C21.271%2090.92%2036.97%20120.477%2040.734%20156z%22%20%2F%3E%3C%2Fsvg%3E', 'data:image/svg+xml;utf8,%3C%3Fxml%20version%3D%221.0%22%20%3F%3E%3Csvg%20xmlns%3D%22http%3A%2F%2Fwww.w3.org%2F2000%2Fsvg%22%20preserveAspectRatio%3D%22none%22%20viewBox%3D%220%200%20156%20156%22%3E%3Cpath%20fill%3D%22%23FAF1ED%22%20d%3D%22M0%200h156v156H0z%22%20%2F%3E%3Cpath%20fill%3D%22%23F2B203%22%20d%3D%22M129.486%20156H156V0h-53.961c1.982%2011.358%206.663%2021.346%2013.702%2027.5l.757.662c14.837%2012.97%2019.241%2042.948%209.84%2066.953l-.479%201.223c-7.923%2020.231-6.041%2044.702%203.627%2059.662z%22%2F%3E%3Cpath%20fill%3D%22%23FFCCCC%22%20d%3D%22M40.734%20156H0V76.867C21.271%2090.92%2036.97%20120.477%2040.734%20156z%22%20%2F%3E%3C%2Fsvg%3E']",116. Fort Tryon Park,242,"{'lat': 40.71304703, 'lng': -74.00723267}",Parks,4.5,37.0
11,116,United States,New York (NY),New York City,https://www.tripadvisor.com/Attraction_Review-g60763-d2661069-Reviews-Bethel_Gospel_Assembly-New_York_City_New_York.html,"['https://dynamic-media-cdn.tripadvisor.com/media/photo-o/0b/5a/f1/8e/photo0jpg.jpg?w=500&h=-1&s=1', 'data:image/svg+xml;utf8,%3C%3Fxml%20version%3D%221.0%22%20%3F%3E%3Csvg%20xmlns%3D%22http%3A%2F%2Fwww.w3.org%2F2000%2Fsvg%22%20preserveAspectRatio%3D%22none%22%20viewBox%3D%220%200%20156%20156%22%3E%3Cpath%20fill%3D%22%23FAF1ED%22%20d%3D%22M0%200h156v156H0z%22%20%2F%3E%3Cpath%20fill%3D%22%23F2B203%22%20d%3D%22M129.486%20156H156V0h-53.961c1.982%2011.358%206.663%2021.346%2013.702%2027.5l.757.662c14.837%2012.97%2019.241%2042.948%209.84%2066.953l-.479%201.223c-7.923%2020.231-6.041%2044.702%203.627%2059.662z%22%2F%3E%3Cpath%20fill%3D%22%23FFCCCC%22%20d%3D%22M40.734%20156H0V76.867C21.271%2090.92%2036.97%20120.477%2040.734%20156z%22%20%2F%3E%3C%2Fsvg%3E', 'data:image/svg+xml;utf8,%3C%3Fxml%20version%3D%221.0%22%20%3F%3E%3Csvg%20xmlns%3D%22http%3A%2F%2Fwww.w3.org%2F2000%2Fsvg%22%20preserveAspectRatio%3D%22none%22%20viewBox%3D%220%200%20156%20156%22%3E%3Cpath%20fill%3D%22%23FAF1ED%22%20d%3D%22M0%200h156v156H0z%22%20%2F%3E%3Cpath%20fill%3D%22%23F2B203%22%20d%3D%22M129.486%20156H156V0h-53.961c1.982%2011.358%206.663%2021.346%2013.702%2027.5l.757.662c14.837%2012.97%2019.241%2042.948%209.84%2066.953l-.479%201.223c-7.923%2020.231-6.041%2044.702%203.627%2059.662z%22%2F%3E%3Cpath%20fill%3D%22%23FFCCCC%22%20d%3D%22M40.734%20156H0V76.867C21.271%2090.92%2036.97%20120.477%2040.734%20156z%22%20%2F%3E%3C%2Fsvg%3E']",117. Bethel Gospel Assembly,365,"{'lat': 40.79668045, 'lng': -73.93491364}",Churches & Cathedrals,4.5,0.0
12,117,United States,New York (NY),New York City,https://www.tripadvisor.com/Attraction_Review-g60763-d272516-Reviews-Belvedere_Castle-New_York_City_New_York.html,"['https://dynamic-media-cdn.tripadvisor.com/media/photo-o/0f/ce/32/ce/belvedere-castle.jpg?w=500&h=400&s=1', 'data:image/svg+xml;utf8,%3C%3Fxml%20version%3D%221.0%22%20%3F%3E%3Csvg%20xmlns%3D%22http%3A%2F%2Fwww.w3.org%2F2000%2Fsvg%22%20preserveAspectRatio%3D%22none%22%20viewBox%3D%220%200%20156%20156%22%3E%3Cpath%20fill%3D%22%23FAF1ED%22%20d%3D%22M0%200h156v156H0z%22%20%2F%3E%3Cpath%20fill%3D%22%23F2B203%22%20d%3D%22M129.486%20156H156V0h-53.961c1.982%2011.358%206.663%2021.346%2013.702%2027.5l.757.662c14.837%2012.97%2019.241%2042.948%209.84%2066.953l-.479%201.223c-7.923%2020.231-6.041%2044.702%203.627%2059.662z%22%2F%3E%3Cpath%20fill%3D%22%23FFCCCC%22%20d%3D%22M40.734%20156H0V76.867C21.271%2090.92%2036.97%20120.477%2040.734%20156z%22%20%2F%3E%3C%2Fsvg%3E', 'data:image/svg+xml;utf8,%3C%3Fxml%20version%3D%221.0%22%20%3F%3E%3Csvg%20xmlns%3D%22http%3A%2F%2Fwww.w3.org%2F2000%2Fsvg%22%20preserveAspectRatio%3D%22none%22%20viewBox%3D%220%200%20156%20156%22%3E%3Cpath%20fill%3D%22%23FAF1ED%22%20d%3D%22M0%200h156v156H0z%22%20%2F%3E%3Cpath%20fill%3D%22%23F2B203%22%20d%3D%22M129.486%20156H156V0h-53.961c1.982%2011.358%206.663%2021.346%2013.702%2027.5l.757.662c14.837%2012.97%2019.241%2042.948%209.84%2066.953l-.479%201.223c-7.923%2020.231-6.041%2044.702%203.627%2059.662z%22%2F%3E%3Cpath%20fill%3D%22%23FFCCCC%22%20d%3D%22M40.734%20156H0V76.867C21.271%2090.92%2036.97%20120.477%2040.734%20156z%22%20%2F%3E%3C%2Fsvg%3E']",118. Belvedere Castle,534,"{'lat': 40.71304703, 'lng': -74.00723267}",Castles,4.0,0.0
13,118,United States,New York (NY),New York City,https://www.tripadvisor.com/Attraction_Review-g60763-d3339075-Reviews-Times_Square_Church-New_York_City_New_York.html,"['https://dynamic-media-cdn.tripadvisor.com/media/photo-o/11/34/da/30/photo4jpg.jpg?w=500&h=-1&s=1', 'data:image/svg+xml;utf8,%3C%3Fxml%20version%3D%221.0%22%20%3F%3E%3Csvg%20xmlns%3D%22http%3A%2F%2Fwww.w3.org%2F2000%2Fsvg%22%20preserveAspectRatio%3D%22none%22%20viewBox%3D%220%200%20156%20156%22%3E%3Cpath%20fill%3D%22%23FAF1ED%22%20d%3D%22M0%200h156v156H0z%22%20%2F%3E%3Cpath%20fill%3D%22%23F2B203%22%20d%3D%22M129.486%20156H156V0h-53.961c1.982%2011.358%206.663%2021.346%2013.702%2027.5l.757.662c14.837%2012.97%2019.241%2042.948%209.84%2066.953l-.479%201.223c-7.923%2020.231-6.041%2044.702%203.627%2059.662z%22%2F%3E%3Cpath%20fill%3D%22%23FFCCCC%22%20d%3D%22M40.734%20156H0V76.867C21.271%2090.92%2036.97%20120.477%2040.734%20156z%22%20%2F%3E%3C%2Fsvg%3E', 'data:image/svg+xml;utf8,%3C%3Fxml%20version%3D%221.0%22%20%3F%3E%3Csvg%20xmlns%3D%22http%3A%2F%2Fwww.w3.org%2F2000%2Fsvg%22%20preserveAspectRatio%3D%22none%22%20viewBox%3D%220%200%20156%20156%22%3E%3Cpath%20fill%3D%22%23FAF1ED%22%20d%3D%22M0%200h156v156H0z%22%20%2F%3E%3Cpath%20fill%3D%22%23F2B203%22%20d%3D%22M129.486%20156H156V0h-53.961c1.982%2011.358%206.663%2021.346%2013.702%2027.5l.757.662c14.837%2012.97%2019.241%2042.948%209.84%2066.953l-.479%201.223c-7.923%2020.231-6.041%2044.702%203.627%2059.662z%22%2F%3E%3Cpath%20fill%3D%22%23FFCCCC%22%20d%3D%22M40.734%20156H0V76.867C21.271%2090.92%2036.97%20120.477%2040.734%20156z%22%20%2F%3E%3C%2Fsvg%3E']",119. Times Square Church,267,"{'lat': 40.71304703, 'lng': -74.00723267}",Churches & Cathedrals,4.5,0.0
14,119,United States,New York (NY),New York City,https://www.tripadvisor.com/Attraction_Review-g60763-d8820290-Reviews-Macy_s_Thanksgiving_Day_Parade-New_York_City_New_York.html,"['https://dynamic-media-cdn.tripadvisor.com/media/photo-o/1a/d8/4e/85/macy-s-thanksgiving-parade.jpg?w=500&h=400&s=1', 'data:image/svg+xml;utf8,%3C%3Fxml%20version%3D%221.0%22%20%3F%3E%3Csvg%20xmlns%3D%22http%3A%2F%2Fwww.w3.org%2F2000%2Fsvg%22%20preserveAspectRatio%3D%22none%22%20viewBox%3D%220%200%20156%20156%22%3E%3Cpath%20fill%3D%22%23FAF1ED%22%20d%3D%22M0%200h156v156H0z%22%20%2F%3E%3Cpath%20fill%3D%22%23F2B203%22%20d%3D%22M129.486%20156H156V0h-53.961c1.982%2011.358%206.663%2021.346%2013.702%2027.5l.757.662c14.837%2012.97%2019.241%2042.948%209.84%2066.953l-.479%201.223c-7.923%2020.231-6.041%2044.702%203.627%2059.662z%22%2F%3E%3Cpath%20fill%3D%22%23FFCCCC%22%20d%3D%22M40.734%20156H0V76.867C21.271%2090.92%2036.97%20120.477%2040.734%20156z%22%20%2F%3E%3C%2Fsvg%3E', 'data:image/svg+xml;utf8,%3C%3Fxml%20version%3D%221.0%22%20%3F%3E%3Csvg%20xmlns%3D%22http%3A%2F%2Fwww.w3.org%2F2000%2Fsvg%22%20preserveAspectRatio%3D%22none%22%20viewBox%3D%220%200%20156%20156%22%3E%3Cpath%20fill%3D%22%23FAF1ED%22%20d%3D%22M0%200h156v156H0z%22%20%2F%3E%3Cpath%20fill%3D%22%23F2B203%22%20d%3D%22M129.486%20156H156V0h-53.961c1.982%2011.358%206.663%2021.346%2013.702%2027.5l.757.662c14.837%2012.97%2019.241%2042.948%209.84%2066.953l-.479%201.223c-7.923%2020.231-6.041%2044.702%203.627%2059.662z%22%2F%3E%3Cpath%20fill%3D%22%23FFCCCC%22%20d%3D%22M40.734%20156H0V76.867C21.271%2090.92%2036.97%20120.477%2040.734%20156z%22%20%2F%3E%3C%2Fsvg%3E']",120. Macy's Thanksgiving Day Parade,217,"{'lat': 40.75529099, 'lng': -73.99492645}",Cultural Events,4.5,45.0
15,120,United States,New York (NY),New York City,https://www.tripadvisor.com/Attraction_Review-g60763-d635328-Reviews-Wicked-New_York_City_New_York.html,"['https://dynamic-media-cdn.tripadvisor.com/media/photo-o/0f/06/f0/b6/photo0jpg.jpg?w=500&h=-1&s=1', 'data:image/svg+xml;utf8,%3C%3Fxml%20version%3D%221.0%22%20%3F%3E%3Csvg%20xmlns%3D%22http%3A%2F%2Fwww.w3.org%2F2000%2Fsvg%22%20preserveAspectRatio%3D%22none%22%20viewBox%3D%220%200%20156%20156%22%3E%3Cpath%20fill%3D%22%23FAF1ED%22%20d%3D%22M0%200h156v156H0z%22%20%2F%3E%3Cpath%20fill%3D%22%23F2B203%22%20d%3D%22M129.486%20156H156V0h-53.961c1.982%2011.358%206.663%2021.346%2013.702%2027.5l.757.662c14.837%2012.97%2019.241%2042.948%209.84%2066.953l-.479%201.223c-7.923%2020.231-6.041%2044.702%203.627%2059.662z%22%2F%3E%3Cpath%20fill%3D%22%23FFCCCC%22%20d%3D%22M40.734%20156H0V76.867C21.271%2090.92%2036.97%20120.477%2040.734%20156z%22%20%2F%3E%3C%2Fsvg%3E', 'data:image/svg+xml;utf8,%3C%3Fxml%20version%3D%221.0%22%20%3F%3E%3Csvg%20xmlns%3D%22http%3A%2F%2Fwww.w3.org%2F2000%2Fsvg%22%20preserveAspectRatio%3D%22none%22%20viewBox%3D%220%200%20156%20156%22%3E%3Cpath%20fill%3D%22%23FAF1ED%22%20d%3D%22M0%200h156v156H0z%22%20%2F%3E%3Cpath%20fill%3D%22%23F2B203%22%20d%3D%22M129.486%20156H156V0h-53.961c1.982%2011.358%206.663%2021.346%2013.702%2027.5l.757.662c14.837%2012.97%2019.241%2042.948%209.84%2066.953l-.479%201.223c-7.923%2020.231-6.041%2044.702%203.627%2059.662z%22%2F%3E%3Cpath%20fill%3D%22%23FFCCCC%22%20d%3D%22M40.734%20156H0V76.867C21.271%2090.92%2036.97%20120.477%2040.734%20156z%22%20%2F%3E%3C%2Fsvg%3E']",121. Wicked,9228,No Address Found,Theater & Performances,4.5,124.0
16,121,United States,New York (NY),New York City,https://www.tripadvisor.com/Attraction_Review-g60763-d2621703-Reviews-New_World_Stages-New_York_City_New_York.html,"['https://dynamic-media-cdn.tripadvisor.com/media/photo-o/13/9b/85/c5/the-stage.jpg?w=500&h=-1&s=1', 'data:image/svg+xml;utf8,%3C%3Fxml%20version%3D%221.0%22%20%3F%3E%3Csvg%20xmlns%3D%22http%3A%2F%2Fwww.w3.org%2F2000%2Fsvg%22%20preserveAspectRatio%3D%22none%22%20viewBox%3D%220%200%20156%20156%22%3E%3Cpath%20fill%3D%22%23FAF1ED%22%20d%3D%22M0%200h156v156H0z%22%20%2F%3E%3Cpath%20fill%3D%22%23F2B203%22%20d%3D%22M129.486%20156H156V0h-53.961c1.982%2011.358%206.663%2021.346%2013.702%2027.5l.757.662c14.837%2012.97%2019.241%2042.948%209.84%2066.953l-.479%201.223c-7.923%2020.231-6.041%2044.702%203.627%2059.662z%22%2F%3E%3Cpath%20fill%3D%22%23FFCCCC%22%20d%3D%22M40.734%20156H0V76.867C21.271%2090.92%2036.97%20120.477%2040.734%20156z%22%20%2F%3E%3C%2Fsvg%3E', 'data:image/svg+xml;utf8,%3C%3Fxml%20version%3D%221.0%22%20%3F%3E%3Csvg%20xmlns%3D%22http%3A%2F%2Fwww.w3.org%2F2000%2Fsvg%22%20preserveAspectRatio%3D%22none%22%20viewBox%3D%220%200%20156%20156%22%3E%3Cpath%20fill%3D%22%23FAF1ED%22%20d%3D%22M0%200h156v156H0z%22%20%2F%3E%3Cpath%20fill%3D%22%23F2B203%22%20d%3D%22M129.486%20156H156V0h-53.961c1.982%2011.358%206.663%2021.346%2013.702%2027.5l.757.662c14.837%2012.97%2019.241%2042.948%209.84%2066.953l-.479%201.223c-7.923%2020.231-6.041%2044.702%203.627%2059.662z%22%2F%3E%3Cpath%20fill%3D%22%23FFCCCC%22%20d%3D%22M40.734%20156H0V76.867C21.271%2090.92%2036.97%20120.477%2040.734%20156z%22%20%2F%3E%3C%2Fsvg%3E']",122. New World Stages,350,"{'lat': 40.76280975, 'lng': -73.99315643}",Theaters,4.5,76.0
17,122,United States,New York (NY),New York City,https://www.tripadvisor.com/Attraction_Review-g60763-d548762-Reviews-Winter_Garden_Theatre-New_York_City_New_York.html,"['https://dynamic-media-cdn.tripadvisor.com/media/photo-o/0f/44/48/f5/photo0jpg.jpg?w=500&h=-1&s=1', 'data:image/svg+xml;utf8,%3C%3Fxml%20version%3D%221.0%22%20%3F%3E%3Csvg%20xmlns%3D%22http%3A%2F%2Fwww.w3.org%2F2000%2Fsvg%22%20preserveAspectRatio%3D%22none%22%20viewBox%3D%220%200%20156%20156%22%3E%3Cpath%20fill%3D%22%23FAF1ED%22%20d%3D%22M0%200h156v156H0z%22%20%2F%3E%3Cpath%20fill%3D%22%23F2B203%22%20d%3D%22M129.486%20156H156V0h-53.961c1.982%2011.358%206.663%2021.346%2013.702%2027.5l.757.662c14.837%2012.97%2019.241%2042.948%209.84%2066.953l-.479%201.223c-7.923%2020.231-6.041%2044.702%203.627%2059.662z%22%2F%3E%3Cpath%20fill%3D%22%23FFCCCC%22%20d%3D%22M40.734%20156H0V76.867C21.271%2090.92%2036.97%20120.477%2040.734%20156z%22%20%2F%3E%3C%2Fsvg%3E', 'data:image/svg+xml;utf8,%3C%3Fxml%20version%3D%221.0%22%20%3F%3E%3Csvg%20xmlns%3D%22http%3A%2F%2Fwww.w3.org%2F2000%2Fsvg%22%20preserveAspectRatio%3D%22none%22%20viewBox%3D%220%200%20156%20156%22%3E%3Cpath%20fill%3D%22%23FAF1ED%22%20d%3D%22M0%200h156v156H0z%22%20%2F%3E%3Cpath%20fill%3D%22%23F2B203%22%20d%3D%22M129.486%20156H156V0h-53.961c1.982%2011.358%206.663%2021.346%2013.702%2027.5l.757.662c14.837%2012.97%2019.241%2042.948%209.84%2066.953l-.479%201.223c-7.923%2020.231-6.041%2044.702%203.627%2059.662z%22%2F%3E%3Cpath%20fill%3D%22%23FFCCCC%22%20d%3D%22M40.734%20156H0V76.867C21.271%2090.92%2036.97%20120.477%2040.734%20156z%22%20%2F%3E%3C%2Fsvg%3E']",123. Winter Garden Theatre,244,"{'lat': 40.75992584, 'lng': -73.98041534}",Theaters,4.5,78.0
18,123,United States,New York (NY),New York City,https://www.tripadvisor.com/Attraction_Review-g60763-d106188-Reviews-Cooper_Hewitt_Smithsonian_Design_Museum-New_York_City_New_York.html,"['https://dynamic-media-cdn.tripadvisor.com/media/photo-o/10/33/2e/01/former-andrew-carnegie.jpg?w=500&h=-1&s=1', 'data:image/svg+xml;utf8,%3C%3Fxml%20version%3D%221.0%22%20%3F%3E%3Csvg%20xmlns%3D%22http%3A%2F%2Fwww.w3.org%2F2000%2Fsvg%22%20preserveAspectRatio%3D%22none%22%20viewBox%3D%220%200%20156%20156%22%3E%3Cpath%20fill%3D%22%23FAF1ED%22%20d%3D%22M0%200h156v156H0z%22%20%2F%3E%3Cpath%20fill%3D%22%23F2B203%22%20d%3D%22M129.486%20156H156V0h-53.961c1.982%2011.358%206.663%2021.346%2013.702%2027.5l.757.662c14.837%2012.97%2019.241%2042.948%209.84%2066.953l-.479%201.223c-7.923%2020.231-6.041%2044.702%203.627%2059.662z%22%2F%3E%3Cpath%20fill%3D%22%23FFCCCC%22%20d%3D%22M40.734%20156H0V76.867C21.271%2090.92%2036.97%20120.477%2040.734%20156z%22%20%2F%3E%3C%2Fsvg%3E', 'data:image/svg+xml;utf8,%3C%3Fxml%20version%3D%221.0%22%20%3F%3E%3Csvg%20xmlns%3D%22http%3A%2F%2Fwww.w3.org%2F2000%2Fsvg%22%20preserveAspectRatio%3D%22none%22%20viewBox%3D%220%200%20156%20156%22%3E%3Cpath%20fill%3D%22%23FAF1ED%22%20d%3D%22M0%200h156v156H0z%22%20%2F%3E%3Cpath%20fill%3D%22%23F2B203%22%20d%3D%22M129.486%20156H156V0h-53.961c1.982%2011.358%206.663%2021.346%2013.702%2027.5l.757.662c14.837%2012.97%2019.241%2042.948%209.84%2066.953l-.479%201.223c-7.923%2020.231-6.041%2044.702%203.627%2059.662z%22%2F%3E%3Cpath%20fill%3D%22%23FFCCCC%22%20d%3D%22M40.734%20156H0V76.867C21.271%2090.92%2036.97%20120.477%2040.734%20156z%22%20%2F%3E%3C%2Fsvg%3E']","124. Cooper Hewitt, Smithsonian Design Museum",593,"{'lat': 40.77041245, 'lng': -73.96220398}",Historic Sites • Art Museums,4.5,150.0
19,124,United States,New York (NY),New York City,https://www.tripadvisor.com/Attraction_Review-g60763-d17599424-Reviews-The_Shops_Restaurants_at_Hudson_Yards-New_York_City_New_York.html,"['https://dynamic-media-cdn.tripadvisor.com/media/photo-o/17/14/6c/22/visitar-este-nuevo-sitio.jpg?w=500&h=400&s=1', 'data:image/svg+xml;utf8,%3C%3Fxml%20version%3D%221.0%22%20%3F%3E%3Csvg%20xmlns%3D%22http%3A%2F%2Fwww.w3.org%2F2000%2Fsvg%22%20preserveAspectRatio%3D%22none%22%20viewBox%3D%220%200%20156%20156%22%3E%3Cpath%20fill%3D%22%23FAF1ED%22%20d%3D%22M0%200h156v156H0z%22%20%2F%3E%3Cpath%20fill%3D%22%23F2B203%22%20d%3D%22M129.486%20156H156V0h-53.961c1.982%2011.358%206.663%2021.346%2013.702%2027.5l.757.662c14.837%2012.97%2019.241%2042.948%209.84%2066.953l-.479%201.223c-7.923%2020.231-6.041%2044.702%203.627%2059.662z%22%2F%3E%3Cpath%20fill%3D%22%23FFCCCC%22%20d%3D%22M40.734%20156H0V76.867C21.271%2090.92%2036.97%20120.477%2040.734%20156z%22%20%2F%3E%3C%2Fsvg%3E', 'data:image/svg+xml;utf8,%3C%3Fxml%20version%3D%221.0%22%20%3F%3E%3Csvg%20xmlns%3D%22http%3A%2F%2Fwww.w3.org%2F2000%2Fsvg%22%20preserveAspectRatio%3D%22none%22%20viewBox%3D%220%200%20156%20156%22%3E%3Cpath%20fill%3D%22%23FAF1ED%22%20d%3D%22M0%200h156v156H0z%22%20%2F%3E%3Cpath%20fill%3D%22%23F2B203%22%20d%3D%22M129.486%20156H156V0h-53.961c1.982%2011.358%206.663%2021.346%2013.702%2027.5l.757.662c14.837%2012.97%2019.241%2042.948%209.84%2066.953l-.479%201.223c-7.923%2020.231-6.041%2044.702%203.627%2059.662z%22%2F%3E%3Cpath%20fill%3D%22%23FFCCCC%22%20d%3D%22M40.734%20156H0V76.867C21.271%2090.92%2036.97%20120.477%2040.734%20156z%22%20%2F%3E%3C%2Fsvg%3E']",125. The Shops & Restaurants at Hudson Yards,289,"{'lat': 40.75611115, 'lng': -74.00055695}",Shopping Malls,4.0,39.0
20,125,United States,New York (NY),New York City,https://www.tripadvisor.com/Attraction_Review-g60763-d143360-Reviews-TriBeCa-New_York_City_New_York.html,"['https://dynamic-media-cdn.tripadvisor.com/media/photo-o/0a/96/e0/79/tribeca.jpg?w=500&h=400&s=1', 'data:image/svg+xml;utf8,%3C%3Fxml%20version%3D%221.0%22%20%3F%3E%3Csvg%20xmlns%3D%22http%3A%2F%2Fwww.w3.org%2F2000%2Fsvg%22%20preserveAspectRatio%3D%22none%22%20viewBox%3D%220%200%20156%20156%22%3E%3Cpath%20fill%3D%22%23FAF1ED%22%20d%3D%22M0%200h156v156H0z%22%20%2F%3E%3Cpath%20fill%3D%22%23F2B203%22%20d%3D%22M129.486%20156H156V0h-53.961c1.982%2011.358%206.663%2021.346%2013.702%2027.5l.757.662c14.837%2012.97%2019.241%2042.948%209.84%2066.953l-.479%201.223c-7.923%2020.231-6.041%2044.702%203.627%2059.662z%22%2F%3E%3Cpath%20fill%3D%22%23FFCCCC%22%20d%3D%22M40.734%20156H0V76.867C21.271%2090.92%2036.97%20120.477%2040.734%20156z%22%20%2F%3E%3C%2Fsvg%3E', 'data:image/svg+xml;utf8,%3C%3Fxml%20version%3D%221.0%22%20%3F%3E%3Csvg%20xmlns%3D%22http%3A%2F%2Fwww.w3.org%2F2000%2Fsvg%22%20preserveAspectRatio%3D%22none%22%20viewBox%3D%220%200%20156%20156%22%3E%3Cpath%20fill%3D%22%23FAF1ED%22%20d%3D%22M0%200h156v156H0z%22%20%2F%3E%3Cpath%20fill%3D%22%23F2B203%22%20d%3D%22M129.486%20156H156V0h-53.961c1.982%2011.358%206.663%2021.346%2013.702%2027.5l.757.662c14.837%2012.97%2019.241%2042.948%209.84%2066.953l-.479%201.223c-7.923%2020.231-6.041%2044.702%203.627%2059.662z%22%2F%3E%3Cpath%20fill%3D%22%23FFCCCC%22%20d%3D%22M40.734%20156H0V76.867C21.271%2090.92%2036.97%20120.477%2040.734%20156z%22%20%2F%3E%3C%2Fsvg%3E']",126. TriBeCa,298,"{'lat': 40.70780182, 'lng': -74.01190186}",Neighborhoods,4.0,274.0
21,126,United States,New York (NY),New York City,https://www.tripadvisor.com/Attraction_Review-g60763-d309430-Reviews-Fraunces_Tavern_Museum-New_York_City_New_York.html,"['data:image/svg+xml;utf8,%3C%3Fxml%20version%3D%221.0%22%20%3F%3E%3Csvg%20xmlns%3D%22http%3A%2F%2Fwww.w3.org%2F2000%2Fsvg%22%20preserveAspectRatio%3D%22none%22%20viewBox%3D%220%200%20156%20156%22%3E%3Cpath%20fill%3D%22%23FAF1ED%22%20d%3D%22M0%200h156v156H0z%22%20%2F%3E%3Cpath%20fill%3D%22%23F2B203%22%20d%3D%22M129.486%20156H156V0h-53.961c1.982%2011.358%206.663%2021.346%2013.702%2027.5l.757.662c14.837%2012.97%2019.241%2042.948%209.84%2066.953l-.479%201.223c-7.923%2020.231-6.041%2044.702%203.627%2059.662z%22%2F%3E%3Cpath%20fill%3D%22%23FFCCCC%22%20d%3D%22M40.734%20156H0V76.867C21.271%2090.92%2036.97%20120.477%2040.734%20156z%22%20%2F%3E%3C%2Fsvg%3E', 'data:image/svg+xml;utf8,%3C%3Fxml%20version%3D%221.0%22%20%3F%3E%3Csvg%20xmlns%3D%22http%3A%2F%2Fwww.w3.org%2F2000%2Fsvg%22%20preserveAspectRatio%3D%22none%22%20viewBox%3D%220%200%20156%20156%22%3E%3Cpath%20fill%3D%22%23FAF1ED%22%20d%3D%22M0%200h156v156H0z%22%20%2F%3E%3Cpath%20fill%3D%22%23F2B203%22%20d%3D%22M129.486%20156H156V0h-53.961c1.982%2011.358%206.663%2021.346%2013.702%2027.5l.757.662c14.837%2012.97%2019.241%2042.948%209.84%2066.953l-.479%201.223c-7.923%2020.231-6.041%2044.702%203.627%2059.662z%22%2F%3E%3Cpath%20fill%3D%22%23FFCCCC%22%20d%3D%22M40.734%20156H0V76.867C21.271%2090.92%2036.97%20120.477%2040.734%20156z%22%20%2F%3E%3C%2Fsvg%3E']",127. Fraunces Tavern Museum,217,"{'lat': 40.70780182, 'lng': -74.01190186}",Historic Sites • Architectural Buildings,4.5,49.95
22,127,United States,New York (NY),New York City,https://www.tripadvisor.com/Attraction_Review-g60763-d1308856-Reviews-New_York_Harbor-New_York_City_New_York.html,"['data:image/svg+xml;utf8,%3C%3Fxml%20version%3D%221.0%22%20%3F%3E%3Csvg%20xmlns%3D%22http%3A%2F%2Fwww.w3.org%2F2000%2Fsvg%22%20preserveAspectRatio%3D%22none%22%20viewBox%3D%220%200%20156%20156%22%3E%3Cpath%20fill%3D%22%23FAF1ED%22%20d%3D%22M0%200h156v156H0z%22%20%2F%3E%3Cpath%20fill%3D%22%23F2B203%22%20d%3D%22M129.486%20156H156V0h-53.961c1.982%2011.358%206.663%2021.346%2013.702%2027.5l.757.662c14.837%2012.97%2019.241%2042.948%209.84%2066.953l-.479%201.223c-7.923%2020.231-6.041%2044.702%203.627%2059.662z%22%2F%3E%3Cpath%20fill%3D%22%23FFCCCC%22%20d%3D%22M40.734%20156H0V76.867C21.271%2090.92%2036.97%20120.477%2040.734%20156z%22%20%2F%3E%3C%2Fsvg%3E', 'data:image/svg+xml;utf8,%3C%3Fxml%20version%3D%221.0%22%20%3F%3E%3Csvg%20xmlns%3D%22http%3A%2F%2Fwww.w3.org%2F2000%2Fsvg%22%20preserveAspectRatio%3D%22none%22%20viewBox%3D%220%200%20156%20156%22%3E%3Cpath%20fill%3D%22%23FAF1ED%22%20d%3D%22M0%200h156v156H0z%22%20%2F%3E%3Cpath%20fill%3D%22%23F2B203%22%20d%3D%22M129.486%20156H156V0h-53.961c1.982%2011.358%206.663%2021.346%2013.702%2027.5l.757.662c14.837%2012.97%2019.241%2042.948%209.84%2066.953l-.479%201.223c-7.923%2020.231-6.041%2044.702%203.627%2059.662z%22%2F%3E%3Cpath%20fill%3D%22%23FFCCCC%22%20d%3D%22M40.734%20156H0V76.867C21.271%2090.92%2036.97%20120.477%2040.734%20156z%22%20%2F%3E%3C%2Fsvg%3E']",128. New York Harbor,238,"{'lat': 40.64287567, 'lng': -74.01264954}",Bodies of Water,4.5,99.0
23,128,United States,New York (NY),New York City,https://www.tripadvisor.com/Attraction_Review-g60763-d4199624-Reviews-Stephen_Sondheim_Theatre-New_York_City_New_York.html,"['data:image/svg+xml;utf8,%3C%3Fxml%20version%3D%221.0%22%20%3F%3E%3Csvg%20xmlns%3D%22http%3A%2F%2Fwww.w3.org%2F2000%2Fsvg%22%20preserveAspectRatio%3D%22none%22%20viewBox%3D%220%200%20156%20156%22%3E%3Cpath%20fill%3D%22%23FAF1ED%22%20d%3D%22M0%200h156v156H0z%22%20%2F%3E%3Cpath%20fill%3D%22%23F2B203%22%20d%3D%22M129.486%20156H156V0h-53.961c1.982%2011.358%206.663%2021.346%2013.702%2027.5l.757.662c14.837%2012.97%2019.241%2042.948%209.84%2066.953l-.479%201.223c-7.923%2020.231-6.041%2044.702%203.627%2059.662z%22%2F%3E%3Cpath%20fill%3D%22%23FFCCCC%22%20d%3D%22M40.734%20156H0V76.867C21.271%2090.92%2036.97%20120.477%2040.734%20156z%22%20%2F%3E%3C%2Fsvg%3E', 'data:image/svg+xml;utf8,%3C%3Fxml%20version%3D%221.0%22%20%3F%3E%3Csvg%20xmlns%3D%22http%3A%2F%2Fwww.w3.org%2F2000%2Fsvg%22%20preserveAspectRatio%3D%22none%22%20viewBox%3D%220%200%20156%20156%22%3E%3Cpath%20fill%3D%22%23FAF1ED%22%20d%3D%22M0%200h156v156H0z%22%20%2F%3E%3Cpath%20fill%3D%22%23F2B203%22%20d%3D%22M129.486%20156H156V0h-53.961c1.982%2011.358%206.663%2021.346%2013.702%2027.5l.757.662c14.837%2012.97%2019.241%2042.948%209.84%2066.953l-.479%201.223c-7.923%2020.231-6.041%2044.702%203.627%2059.662z%22%2F%3E%3Cpath%20fill%3D%22%23FFCCCC%22%20d%3D%22M40.734%20156H0V76.867C21.271%2090.92%2036.97%20120.477%2040.734%20156z%22%20%2F%3E%3C%2Fsvg%3E']",129. Stephen Sondheim Theatre,164,"{'lat': 40.75992584, 'lng': -73.98041534}",Theaters,4.5,137.0
24,129,United States,New York (NY),New York City,https://www.tripadvisor.com/Attraction_Review-g60763-d548781-Reviews-Shubert_Theatre-New_York_City_New_York.html,"['data:image/svg+xml;utf8,%3C%3Fxml%20version%3D%221.0%22%20%3F%3E%3Csvg%20xmlns%3D%22http%3A%2F%2Fwww.w3.org%2F2000%2Fsvg%22%20preserveAspectRatio%3D%22none%22%20viewBox%3D%220%200%20156%20156%22%3E%3Cpath%20fill%3D%22%23FAF1ED%22%20d%3D%22M0%200h156v156H0z%22%20%2F%3E%3Cpath%20fill%3D%22%23F2B203%22%20d%3D%22M129.486%20156H156V0h-53.961c1.982%2011.358%206.663%2021.346%2013.702%2027.5l.757.662c14.837%2012.97%2019.241%2042.948%209.84%2066.953l-.479%201.223c-7.923%2020.231-6.041%2044.702%203.627%2059.662z%22%2F%3E%3Cpath%20fill%3D%22%23FFCCCC%22%20d%3D%22M40.734%20156H0V76.867C21.271%2090.92%2036.97%20120.477%2040.734%20156z%22%20%2F%3E%3C%2Fsvg%3E', 'data:image/svg+xml;utf8,%3C%3Fxml%20version%3D%221.0%22%20%3F%3E%3Csvg%20xmlns%3D%22http%3A%2F%2Fwww.w3.org%2F2000%2Fsvg%22%20preserveAspectRatio%3D%22none%22%20viewBox%3D%220%200%20156%20156%22%3E%3Cpath%20fill%3D%22%23FAF1ED%22%20d%3D%22M0%200h156v156H0z%22%20%2F%3E%3Cpath%20fill%3D%22%23F2B203%22%20d%3D%22M129.486%20156H156V0h-53.961c1.982%2011.358%206.663%2021.346%2013.702%2027.5l.757.662c14.837%2012.97%2019.241%2042.948%209.84%2066.953l-.479%201.223c-7.923%2020.231-6.041%2044.702%203.627%2059.662z%22%2F%3E%3Cpath%20fill%3D%22%23FFCCCC%22%20d%3D%22M40.734%20156H0V76.867C21.271%2090.92%2036.97%20120.477%2040.734%20156z%22%20%2F%3E%3C%2Fsvg%3E']",130. Shubert Theatre,396,"{'lat': 40.75992584, 'lng': -73.98041534}",Theaters,4.0,0.0
25,130,United States,New York (NY),New York City,https://www.tripadvisor.com/Attraction_Review-g60763-d15614732-Reviews-Battery_Park-New_York_City_New_York.html,"['data:image/svg+xml;utf8,%3C%3Fxml%20version%3D%221.0%22%20%3F%3E%3Csvg%20xmlns%3D%22http%3A%2F%2Fwww.w3.org%2F2000%2Fsvg%22%20preserveAspectRatio%3D%22none%22%20viewBox%3D%220%200%20156%20156%22%3E%3Cpath%20fill%3D%22%23FAF1ED%22%20d%3D%22M0%200h156v156H0z%22%20%2F%3E%3Cpath%20fill%3D%22%23F2B203%22%20d%3D%22M129.486%20156H156V0h-53.961c1.982%2011.358%206.663%2021.346%2013.702%2027.5l.757.662c14.837%2012.97%2019.241%2042.948%209.84%2066.953l-.479%201.223c-7.923%2020.231-6.041%2044.702%203.627%2059.662z%22%2F%3E%3Cpath%20fill%3D%22%23FFCCCC%22%20d%3D%22M40.734%20156H0V76.867C21.271%2090.92%2036.97%20120.477%2040.734%20156z%22%20%2F%3E%3C%2Fsvg%3E', 'data:image/svg+xml;utf8,%3C%3Fxml%20version%3D%221.0%22%20%3F%3E%3Csvg%20xmlns%3D%22http%3A%2F%2Fwww.w3.org%2F2000%2Fsvg%22%20preserveAspectRatio%3D%22none%22%20viewBox%3D%220%200%20156%20156%22%3E%3Cpath%20fill%3D%22%23FAF1ED%22%20d%3D%22M0%200h156v156H0z%22%20%2F%3E%3Cpath%20fill%3D%22%23F2B203%22%20d%3D%22M129.486%20156H156V0h-53.961c1.982%2011.358%206.663%2021.346%2013.702%2027.5l.757.662c14.837%2012.97%2019.241%2042.948%209.84%2066.953l-.479%201.223c-7.923%2020.231-6.041%2044.702%203.627%2059.662z%22%2F%3E%3Cpath%20fill%3D%22%23FFCCCC%22%20d%3D%22M40.734%20156H0V76.867C21.271%2090.92%2036.97%20120.477%2040.734%20156z%22%20%2F%3E%3C%2Fsvg%3E']",131. Battery Park,199,"{'lat': 40.70780182, 'lng': -74.01190186}",Parks • Gardens,4.5,0.0
26,131,United States,New York (NY),New York City,https://www.tripadvisor.com/Attraction_Review-g60763-d110276-Reviews-New_York_City_Fire_Museum-New_York_City_New_York.html,"['data:image/svg+xml;utf8,%3C%3Fxml%20version%3D%221.0%22%20%3F%3E%3Csvg%20xmlns%3D%22http%3A%2F%2Fwww.w3.org%2F2000%2Fsvg%22%20preserveAspectRatio%3D%22none%22%20viewBox%3D%220%200%20156%20156%22%3E%3Cpath%20fill%3D%22%23FAF1ED%22%20d%3D%22M0%200h156v156H0z%22%20%2F%3E%3Cpath%20fill%3D%22%23F2B203%22%20d%3D%22M129.486%20156H156V0h-53.961c1.982%2011.358%206.663%2021.346%2013.702%2027.5l.757.662c14.837%2012.97%2019.241%2042.948%209.84%2066.953l-.479%201.223c-7.923%2020.231-6.041%2044.702%203.627%2059.662z%22%2F%3E%3Cpath%20fill%3D%22%23FFCCCC%22%20d%3D%22M40.734%20156H0V76.867C21.271%2090.92%2036.97%20120.477%2040.734%20156z%22%20%2F%3E%3C%2Fsvg%3E', 'data:image/svg+xml;utf8,%3C%3Fxml%20version%3D%221.0%22%20%3F%3E%3Csvg%20xmlns%3D%22http%3A%2F%2Fwww.w3.org%2F2000%2Fsvg%22%20preserveAspectRatio%3D%22none%22%20viewBox%3D%220%200%20156%20156%22%3E%3Cpath%20fill%3D%22%23FAF1ED%22%20d%3D%22M0%200h156v156H0z%22%20%2F%3E%3Cpath%20fill%3D%22%23F2B203%22%20d%3D%22M129.486%20156H156V0h-53.961c1.982%2011.358%206.663%2021.346%2013.702%2027.5l.757.662c14.837%2012.97%2019.241%2042.948%209.84%2066.953l-.479%201.223c-7.923%2020.231-6.041%2044.702%203.627%2059.662z%22%2F%3E%3Cpath%20fill%3D%22%23FFCCCC%22%20d%3D%22M40.734%20156H0V76.867C21.271%2090.92%2036.97%20120.477%2040.734%20156z%22%20%2F%3E%3C%2Fsvg%3E']",132. New York City Fire Museum,274,"{'lat': 40.70780182, 'lng': -74.01190186}",Speciality Museums • Bridges,4.5,85.0
27,132,United States,New York (NY),New York City,https://www.tripadvisor.com/Attraction_Review-g60763-d8492560-Reviews-Columbus_Circle-New_York_City_New_York.html,"['data:image/svg+xml;utf8,%3C%3Fxml%20version%3D%221.0%22%20%3F%3E%3Csvg%20xmlns%3D%22http%3A%2F%2Fwww.w3.org%2F2000%2Fsvg%22%20preserveAspectRatio%3D%22none%22%20viewBox%3D%220%200%20156%20156%22%3E%3Cpath%20fill%3D%22%23FAF1ED%22%20d%3D%22M0%200h156v156H0z%22%20%2F%3E%3Cpath%20fill%3D%22%23F2B203%22%20d%3D%22M129.486%20156H156V0h-53.961c1.982%2011.358%206.663%2021.346%2013.702%2027.5l.757.662c14.837%2012.97%2019.241%2042.948%209.84%2066.953l-.479%201.223c-7.923%2020.231-6.041%2044.702%203.627%2059.662z%22%2F%3E%3Cpath%20fill%3D%22%23FFCCCC%22%20d%3D%22M40.734%20156H0V76.867C21.271%2090.92%2036.97%20120.477%2040.734%20156z%22%20%2F%3E%3C%2Fsvg%3E', 'data:image/svg+xml;utf8,%3C%3Fxml%20version%3D%221.0%22%20%3F%3E%3Csvg%20xmlns%3D%22http%3A%2F%2Fwww.w3.org%2F2000%2Fsvg%22%20preserveAspectRatio%3D%22none%22%20viewBox%3D%220%200%20156%20156%22%3E%3Cpath%20fill%3D%22%23FAF1ED%22%20d%3D%22M0%200h156v156H0z%22%20%2F%3E%3Cpath%20fill%3D%22%23F2B203%22%20d%3D%22M129.486%20156H156V0h-53.961c1.982%2011.358%206.663%2021.346%2013.702%2027.5l.757.662c14.837%2012.97%2019.241%2042.948%209.84%2066.953l-.479%201.223c-7.923%2020.231-6.041%2044.702%203.627%2059.662z%22%2F%3E%3Cpath%20fill%3D%22%23FFCCCC%22%20d%3D%22M40.734%20156H0V76.867C21.271%2090.92%2036.97%20120.477%2040.734%20156z%22%20%2F%3E%3C%2Fsvg%3E']",133. Columbus Circle,442,"{'lat': 40.71304703, 'lng': -74.00723267}",Neighborhoods • Points of Interest & Landmarks,4.0,55.0
28,133,United States,New York (NY),New York City,https://www.tripadvisor.com/Attraction_Review-g60763-d6219219-Reviews-Aladdin_The_Musical-New_York_City_New_York.html,"['data:image/svg+xml;utf8,%3C%3Fxml%20version%3D%221.0%22%20%3F%3E%3Csvg%20xmlns%3D%22http%3A%2F%2Fwww.w3.org%2F2000%2Fsvg%22%20preserveAspectRatio%3D%22none%22%20viewBox%3D%220%200%20156%20156%22%3E%3Cpath%20fill%3D%22%23FAF1ED%22%20d%3D%22M0%200h156v156H0z%22%20%2F%3E%3Cpath%20fill%3D%22%23F2B203%22%20d%3D%22M129.486%20156H156V0h-53.961c1.982%2011.358%206.663%2021.346%2013.702%2027.5l.757.662c14.837%2012.97%2019.241%2042.948%209.84%2066.953l-.479%201.223c-7.923%2020.231-6.041%2044.702%203.627%2059.662z%22%2F%3E%3Cpath%20fill%3D%22%23FFCCCC%22%20d%3D%22M40.734%20156H0V76.867C21.271%2090.92%2036.97%20120.477%2040.734%20156z%22%20%2F%3E%3C%2Fsvg%3E', 'data:image/svg+xml;utf8,%3C%3Fxml%20version%3D%221.0%22%20%3F%3E%3Csvg%20xmlns%3D%22http%3A%2F%2Fwww.w3.org%2F2000%2Fsvg%22%20preserveAspectRatio%3D%22none%22%20viewBox%3D%220%200%20156%20156%22%3E%3Cpath%20fill%3D%22%23FAF1ED%22%20d%3D%22M0%200h156v156H0z%22%20%2F%3E%3Cpath%20fill%3D%22%23F2B203%22%20d%3D%22M129.486%20156H156V0h-53.961c1.982%2011.358%206.663%2021.346%2013.702%2027.5l.757.662c14.837%2012.97%2019.241%2042.948%209.84%2066.953l-.479%201.223c-7.923%2020.231-6.041%2044.702%203.627%2059.662z%22%2F%3E%3Cpath%20fill%3D%22%23FFCCCC%22%20d%3D%22M40.734%20156H0V76.867C21.271%2090.92%2036.97%20120.477%2040.734%20156z%22%20%2F%3E%3C%2Fsvg%3E']",134. Aladdin - The Musical,2971,"{'lat': 40.75611115, 'lng': -74.00055695}",Theater & Performances,4.5,108.0
29,134,United States,New York (NY),New York City,https://www.tripadvisor.com/Attraction_Review-g60763-d116237-Reviews-Carnegie_Hall-New_York_City_New_York.html,"['data:image/svg+xml;utf8,%3C%3Fxml%20version%3D%221.0%22%20%3F%3E%3Csvg%20xmlns%3D%22http%3A%2F%2Fwww.w3.org%2F2000%2Fsvg%22%20preserveAspectRatio%3D%22none%22%20viewBox%3D%220%200%20156%20156%22%3E%3Cpath%20fill%3D%22%23FAF1ED%22%20d%3D%22M0%200h156v156H0z%22%20%2F%3E%3Cpath%20fill%3D%22%23F2B203%22%20d%3D%22M129.486%20156H156V0h-53.961c1.982%2011.358%206.663%2021.346%2013.702%2027.5l.757.662c14.837%2012.97%2019.241%2042.948%209.84%2066.953l-.479%201.223c-7.923%2020.231-6.041%2044.702%203.627%2059.662z%22%2F%3E%3Cpath%20fill%3D%22%23FFCCCC%22%20d%3D%22M40.734%20156H0V76.867C21.271%2090.92%2036.97%20120.477%2040.734%20156z%22%20%2F%3E%3C%2Fsvg%3E', 'data:image/svg+xml;utf8,%3C%3Fxml%20version%3D%221.0%22%20%3F%3E%3Csvg%20xmlns%3D%22http%3A%2F%2Fwww.w3.org%2F2000%2Fsvg%22%20preserveAspectRatio%3D%22none%22%20viewBox%3D%220%200%20156%20156%22%3E%3Cpath%20fill%3D%22%23FAF1ED%22%20d%3D%22M0%200h156v156H0z%22%20%2F%3E%3Cpath%20fill%3D%22%23F2B203%22%20d%3D%22M129.486%20156H156V0h-53.961c1.982%2011.358%206.663%2021.346%2013.702%2027.5l.757.662c14.837%2012.97%2019.241%2042.948%209.84%2066.953l-.479%201.223c-7.923%2020.231-6.041%2044.702%203.627%2059.662z%22%2F%3E%3Cpath%20fill%3D%22%23FFCCCC%22%20d%3D%22M40.734%20156H0V76.867C21.271%2090.92%2036.97%20120.477%2040.734%20156z%22%20%2F%3E%3C%2Fsvg%3E']",135. Carnegie Hall,903,"{'lat': 40.75992584, 'lng': -73.98041534}",Concerts • Theaters,4.5,75.0
30,135,United States,New York (NY),New York City,https://www.tripadvisor.com/Attraction_Review-g60763-d548717-Reviews-Richard_Rodgers_Theatre-New_York_City_New_York.html,"['data:image/svg+xml;utf8,%3C%3Fxml%20version%3D%221.0%22%20%3F%3E%3Csvg%20xmlns%3D%22http%3A%2F%2Fwww.w3.org%2F2000%2Fsvg%22%20preserveAspectRatio%3D%22none%22%20viewBox%3D%220%200%20156%20156%22%3E%3Cpath%20fill%3D%22%23FAF1ED%22%20d%3D%22M0%200h156v156H0z%22%20%2F%3E%3Cpath%20fill%3D%22%23F2B203%22%20d%3D%22M129.486%20156H156V0h-53.961c1.982%2011.358%206.663%2021.346%2013.702%2027.5l.757.662c14.837%2012.97%2019.241%2042.948%209.84%2066.953l-.479%201.223c-7.923%2020.231-6.041%2044.702%203.627%2059.662z%22%2F%3E%3Cpath%20fill%3D%22%23FFCCCC%22%20d%3D%22M40.734%20156H0V76.867C21.271%2090.92%2036.97%20120.477%2040.734%20156z%22%20%2F%3E%3C%2Fsvg%3E', 'data:image/svg+xml;utf8,%3C%3Fxml%20version%3D%221.0%22%20%3F%3E%3Csvg%20xmlns%3D%22http%3A%2F%2Fwww.w3.org%2F2000%2Fsvg%22%20preserveAspectRatio%3D%22none%22%20viewBox%3D%220%200%20156%20156%22%3E%3Cpath%20fill%3D%22%23FAF1ED%22%20d%3D%22M0%200h156v156H0z%22%20%2F%3E%3Cpath%20fill%3D%22%23F2B203%22%20d%3D%22M129.486%20156H156V0h-53.961c1.982%2011.358%206.663%2021.346%2013.702%2027.5l.757.662c14.837%2012.97%2019.241%2042.948%209.84%2066.953l-.479%201.223c-7.923%2020.231-6.041%2044.702%203.627%2059.662z%22%2F%3E%3Cpath%20fill%3D%22%23FFCCCC%22%20d%3D%22M40.734%20156H0V76.867C21.271%2090.92%2036.97%20120.477%2040.734%20156z%22%20%2F%3E%3C%2Fsvg%3E']",136. Richard Rodgers Theatre,341,"{'lat': 40.75992584, 'lng': -73.98041534}",Theaters,4.0,137.0
31,136,United States,New York (NY),New York City,https://www.tripadvisor.com/Attraction_Review-g60763-d105812-Reviews-General_Grant_National_Memorial-New_York_City_New_York.html,"['data:image/svg+xml;utf8,%3C%3Fxml%20version%3D%221.0%22%20%3F%3E%3Csvg%20xmlns%3D%22http%3A%2F%2Fwww.w3.org%2F2000%2Fsvg%22%20preserveAspectRatio%3D%22none%22%20viewBox%3D%220%200%20156%20156%22%3E%3Cpath%20fill%3D%22%23FAF1ED%22%20d%3D%22M0%200h156v156H0z%22%20%2F%3E%3Cpath%20fill%3D%22%23F2B203%22%20d%3D%22M129.486%20156H156V0h-53.961c1.982%2011.358%206.663%2021.346%2013.702%2027.5l.757.662c14.837%2012.97%2019.241%2042.948%209.84%2066.953l-.479%201.223c-7.923%2020.231-6.041%2044.702%203.627%2059.662z%22%2F%3E%3Cpath%20fill%3D%22%23FFCCCC%22%20d%3D%22M40.734%20156H0V76.867C21.271%2090.92%2036.97%20120.477%2040.734%20156z%22%20%2F%3E%3C%2Fsvg%3E', 'data:image/svg+xml;utf8,%3C%3Fxml%20version%3D%221.0%22%20%3F%3E%3Csvg%20xmlns%3D%22http%3A%2F%2Fwww.w3.org%2F2000%2Fsvg%22%20preserveAspectRatio%3D%22none%22%20viewBox%3D%220%200%20156%20156%22%3E%3Cpath%20fill%3D%22%23FAF1ED%22%20d%3D%22M0%200h156v156H0z%22%20%2F%3E%3Cpath%20fill%3D%22%23F2B203%22%20d%3D%22M129.486%20156H156V0h-53.961c1.982%2011.358%206.663%2021.346%2013.702%2027.5l.757.662c14.837%2012.97%2019.241%2042.948%209.84%2066.953l-.479%201.223c-7.923%2020.231-6.041%2044.702%203.627%2059.662z%22%2F%3E%3Cpath%20fill%3D%22%23FFCCCC%22%20d%3D%22M40.734%20156H0V76.867C21.271%2090.92%2036.97%20120.477%2040.734%20156z%22%20%2F%3E%3C%2Fsvg%3E']",137. General Grant National Memorial,323,"{'lat': 40.71304703, 'lng': -74.00723267}",Points of Interest & Landmarks • National Parks,4.0,379.0
32,137,United States,New York (NY),New York City,https://www.tripadvisor.com/Attraction_Review-g60763-d5496571-Reviews-Steve_Cohen_Chamber_Magic-New_York_City_New_York.html,"['data:image/svg+xml;utf8,%3C%3Fxml%20version%3D%221.0%22%20%3F%3E%3Csvg%20xmlns%3D%22http%3A%2F%2Fwww.w3.org%2F2000%2Fsvg%22%20preserveAspectRatio%3D%22none%22%20viewBox%3D%220%200%20156%20156%22%3E%3Cpath%20fill%3D%22%23FAF1ED%22%20d%3D%22M0%200h156v156H0z%22%20%2F%3E%3Cpath%20fill%3D%22%23F2B203%22%20d%3D%22M129.486%20156H156V0h-53.961c1.982%2011.358%206.663%2021.346%2013.702%2027.5l.757.662c14.837%2012.97%2019.241%2042.948%209.84%2066.953l-.479%201.223c-7.923%2020.231-6.041%2044.702%203.627%2059.662z%22%2F%3E%3Cpath%20fill%3D%22%23FFCCCC%22%20d%3D%22M40.734%20156H0V76.867C21.271%2090.92%2036.97%20120.477%2040.734%20156z%22%20%2F%3E%3C%2Fsvg%3E', 'data:image/svg+xml;utf8,%3C%3Fxml%20version%3D%221.0%22%20%3F%3E%3Csvg%20xmlns%3D%22http%3A%2F%2Fwww.w3.org%2F2000%2Fsvg%22%20preserveAspectRatio%3D%22none%22%20viewBox%3D%220%200%20156%20156%22%3E%3Cpath%20fill%3D%22%23FAF1ED%22%20d%3D%22M0%200h156v156H0z%22%20%2F%3E%3Cpath%20fill%3D%22%23F2B203%22%20d%3D%22M129.486%20156H156V0h-53.961c1.982%2011.358%206.663%2021.346%2013.702%2027.5l.757.662c14.837%2012.97%2019.241%2042.948%209.84%2066.953l-.479%201.223c-7.923%2020.231-6.041%2044.702%203.627%2059.662z%22%2F%3E%3Cpath%20fill%3D%22%23FFCCCC%22%20d%3D%22M40.734%20156H0V76.867C21.271%2090.92%2036.97%20120.477%2040.734%20156z%22%20%2F%3E%3C%2Fsvg%3E']",138. Steve Cohen - Chamber Magic,2653,"{'lat': 40.71304703, 'lng': -74.00723267}",Theaters • Theater & Performances,5.0,37.0
33,138,United States,New York (NY),New York City,https://www.tripadvisor.com/Attraction_Review-g60763-d10067208-Reviews-Bethesda_Terrace-New_York_City_New_York.html,"['data:image/svg+xml;utf8,%3C%3Fxml%20version%3D%221.0%22%20%3F%3E%3Csvg%20xmlns%3D%22http%3A%2F%2Fwww.w3.org%2F2000%2Fsvg%22%20preserveAspectRatio%3D%22none%22%20viewBox%3D%220%200%20156%20156%22%3E%3Cpath%20fill%3D%22%23FAF1ED%22%20d%3D%22M0%200h156v156H0z%22%20%2F%3E%3Cpath%20fill%3D%22%23F2B203%22%20d%3D%22M129.486%20156H156V0h-53.961c1.982%2011.358%206.663%2021.346%2013.702%2027.5l.757.662c14.837%2012.97%2019.241%2042.948%209.84%2066.953l-.479%201.223c-7.923%2020.231-6.041%2044.702%203.627%2059.662z%22%2F%3E%3Cpath%20fill%3D%22%23FFCCCC%22%20d%3D%22M40.734%20156H0V76.867C21.271%2090.92%2036.97%20120.477%2040.734%20156z%22%20%2F%3E%3C%2Fsvg%3E', 'data:image/svg+xml;utf8,%3C%3Fxml%20version%3D%221.0%22%20%3F%3E%3Csvg%20xmlns%3D%22http%3A%2F%2Fwww.w3.org%2F2000%2Fsvg%22%20preserveAspectRatio%3D%22none%22%20viewBox%3D%220%200%20156%20156%22%3E%3Cpath%20fill%3D%22%23FAF1ED%22%20d%3D%22M0%200h156v156H0z%22%20%2F%3E%3Cpath%20fill%3D%22%23F2B203%22%20d%3D%22M129.486%20156H156V0h-53.961c1.982%2011.358%206.663%2021.346%2013.702%2027.5l.757.662c14.837%2012.97%2019.241%2042.948%209.84%2066.953l-.479%201.223c-7.923%2020.231-6.041%2044.702%203.627%2059.662z%22%2F%3E%3Cpath%20fill%3D%22%23FFCCCC%22%20d%3D%22M40.734%20156H0V76.867C21.271%2090.92%2036.97%20120.477%2040.734%20156z%22%20%2F%3E%3C%2Fsvg%3E']",139. Bethesda Terrace,94,"{'lat': 40.78384018, 'lng': -73.96555328}",Architectural Buildings,4.5,35.0
34,139,United States,New York (NY),New York City,https://www.tripadvisor.com/Attraction_Review-g60763-d2641447-Reviews-Irish_Hunger_Memorial-New_York_City_New_York.html,"['data:image/svg+xml;utf8,%3C%3Fxml%20version%3D%221.0%22%20%3F%3E%3Csvg%20xmlns%3D%22http%3A%2F%2Fwww.w3.org%2F2000%2Fsvg%22%20preserveAspectRatio%3D%22none%22%20viewBox%3D%220%200%20156%20156%22%3E%3Cpath%20fill%3D%22%23FAF1ED%22%20d%3D%22M0%200h156v156H0z%22%20%2F%3E%3Cpath%20fill%3D%22%23F2B203%22%20d%3D%22M129.486%20156H156V0h-53.961c1.982%2011.358%206.663%2021.346%2013.702%2027.5l.757.662c14.837%2012.97%2019.241%2042.948%209.84%2066.953l-.479%201.223c-7.923%2020.231-6.041%2044.702%203.627%2059.662z%22%2F%3E%3Cpath%20fill%3D%22%23FFCCCC%22%20d%3D%22M40.734%20156H0V76.867C21.271%2090.92%2036.97%20120.477%2040.734%20156z%22%20%2F%3E%3C%2Fsvg%3E', 'data:image/svg+xml;utf8,%3C%3Fxml%20version%3D%221.0%22%20%3F%3E%3Csvg%20xmlns%3D%22http%3A%2F%2Fwww.w3.org%2F2000%2Fsvg%22%20preserveAspectRatio%3D%22none%22%20viewBox%3D%220%200%20156%20156%22%3E%3Cpath%20fill%3D%22%23FAF1ED%22%20d%3D%22M0%200h156v156H0z%22%20%2F%3E%3Cpath%20fill%3D%22%23F2B203%22%20d%3D%22M129.486%20156H156V0h-53.961c1.982%2011.358%206.663%2021.346%2013.702%2027.5l.757.662c14.837%2012.97%2019.241%2042.948%209.84%2066.953l-.479%201.223c-7.923%2020.231-6.041%2044.702%203.627%2059.662z%22%2F%3E%3Cpath%20fill%3D%22%23FFCCCC%22%20d%3D%22M40.734%20156H0V76.867C21.271%2090.92%2036.97%20120.477%2040.734%20156z%22%20%2F%3E%3C%2Fsvg%3E']",140. Irish Hunger Memorial,241,"{'lat': 40.70780182, 'lng': -74.01190186}",Historic Sites,4.5,35.0
35,140,United States,New York (NY),New York City,https://www.tripadvisor.com/Attraction_Review-g60763-d143124-Reviews-Federal_Hall-New_York_City_New_York.html,"['data:image/svg+xml;utf8,%3C%3Fxml%20version%3D%221.0%22%20%3F%3E%3Csvg%20xmlns%3D%22http%3A%2F%2Fwww.w3.org%2F2000%2Fsvg%22%20preserveAspectRatio%3D%22none%22%20viewBox%3D%220%200%20156%20156%22%3E%3Cpath%20fill%3D%22%23FAF1ED%22%20d%3D%22M0%200h156v156H0z%22%20%2F%3E%3Cpath%20fill%3D%22%23F2B203%22%20d%3D%22M129.486%20156H156V0h-53.961c1.982%2011.358%206.663%2021.346%2013.702%2027.5l.757.662c14.837%2012.97%2019.241%2042.948%209.84%2066.953l-.479%201.223c-7.923%2020.231-6.041%2044.702%203.627%2059.662z%22%2F%3E%3Cpath%20fill%3D%22%23FFCCCC%22%20d%3D%22M40.734%20156H0V76.867C21.271%2090.92%2036.97%20120.477%2040.734%20156z%22%20%2F%3E%3C%2Fsvg%3E', 'data:image/svg+xml;utf8,%3C%3Fxml%20version%3D%221.0%22%20%3F%3E%3Csvg%20xmlns%3D%22http%3A%2F%2Fwww.w3.org%2F2000%2Fsvg%22%20preserveAspectRatio%3D%22none%22%20viewBox%3D%220%200%20156%20156%22%3E%3Cpath%20fill%3D%22%23FAF1ED%22%20d%3D%22M0%200h156v156H0z%22%20%2F%3E%3Cpath%20fill%3D%22%23F2B203%22%20d%3D%22M129.486%20156H156V0h-53.961c1.982%2011.358%206.663%2021.346%2013.702%2027.5l.757.662c14.837%2012.97%2019.241%2042.948%209.84%2066.953l-.479%201.223c-7.923%2020.231-6.041%2044.702%203.627%2059.662z%22%2F%3E%3Cpath%20fill%3D%22%23FFCCCC%22%20d%3D%22M40.734%20156H0V76.867C21.271%2090.92%2036.97%20120.477%2040.734%20156z%22%20%2F%3E%3C%2Fsvg%3E']",141. Federal Hall,463,"{'lat': 40.70780182, 'lng': -74.01190186}",Historic Sites • Architectural Buildings,4.0,0.0
36,141,United States,New York (NY),New York City,https://www.tripadvisor.com/Attraction_Review-g60763-d13109380-Reviews-Fearless_Girl-New_York_City_New_York.html,"['data:image/svg+xml;utf8,%3C%3Fxml%20version%3D%221.0%22%20%3F%3E%3Csvg%20xmlns%3D%22http%3A%2F%2Fwww.w3.org%2F2000%2Fsvg%22%20preserveAspectRatio%3D%22none%22%20viewBox%3D%220%200%20156%20156%22%3E%3Cpath%20fill%3D%22%23FAF1ED%22%20d%3D%22M0%200h156v156H0z%22%20%2F%3E%3Cpath%20fill%3D%22%23F2B203%22%20d%3D%22M129.486%20156H156V0h-53.961c1.982%2011.358%206.663%2021.346%2013.702%2027.5l.757.662c14.837%2012.97%2019.241%2042.948%209.84%2066.953l-.479%201.223c-7.923%2020.231-6.041%2044.702%203.627%2059.662z%22%2F%3E%3Cpath%20fill%3D%22%23FFCCCC%22%20d%3D%22M40.734%20156H0V76.867C21.271%2090.92%2036.97%20120.477%2040.734%20156z%22%20%2F%3E%3C%2Fsvg%3E', 'data:image/svg+xml;utf8,%3C%3Fxml%20version%3D%221.0%22%20%3F%3E%3Csvg%20xmlns%3D%22http%3A%2F%2Fwww.w3.org%2F2000%2Fsvg%22%20preserveAspectRatio%3D%22none%22%20viewBox%3D%220%200%20156%20156%22%3E%3Cpath%20fill%3D%22%23FAF1ED%22%20d%3D%22M0%200h156v156H0z%22%20%2F%3E%3Cpath%20fill%3D%22%23F2B203%22%20d%3D%22M129.486%20156H156V0h-53.961c1.982%2011.358%206.663%2021.346%2013.702%2027.5l.757.662c14.837%2012.97%2019.241%2042.948%209.84%2066.953l-.479%201.223c-7.923%2020.231-6.041%2044.702%203.627%2059.662z%22%2F%3E%3Cpath%20fill%3D%22%23FFCCCC%22%20d%3D%22M40.734%20156H0V76.867C21.271%2090.92%2036.97%20120.477%2040.734%20156z%22%20%2F%3E%3C%2Fsvg%3E']",142. Fearless Girl,102,"{'lat': 40.71304703, 'lng': -74.00723267}",Points of Interest & Landmarks • Monuments & Statues,4.5,40.0
37,142,United States,New York (NY),New York City,https://www.tripadvisor.com/Attraction_Review-g60763-d587758-Reviews-The_Shops_at_Columbus_Circle-New_York_City_New_York.html,"['data:image/svg+xml;utf8,%3C%3Fxml%20version%3D%221.0%22%20%3F%3E%3Csvg%20xmlns%3D%22http%3A%2F%2Fwww.w3.org%2F2000%2Fsvg%22%20preserveAspectRatio%3D%22none%22%20viewBox%3D%220%200%20156%20156%22%3E%3Cpath%20fill%3D%22%23FAF1ED%22%20d%3D%22M0%200h156v156H0z%22%20%2F%3E%3Cpath%20fill%3D%22%23F2B203%22%20d%3D%22M129.486%20156H156V0h-53.961c1.982%2011.358%206.663%2021.346%2013.702%2027.5l.757.662c14.837%2012.97%2019.241%2042.948%209.84%2066.953l-.479%201.223c-7.923%2020.231-6.041%2044.702%203.627%2059.662z%22%2F%3E%3Cpath%20fill%3D%22%23FFCCCC%22%20d%3D%22M40.734%20156H0V76.867C21.271%2090.92%2036.97%20120.477%2040.734%20156z%22%20%2F%3E%3C%2Fsvg%3E', 'data:image/svg+xml;utf8,%3C%3Fxml%20version%3D%221.0%22%20%3F%3E%3Csvg%20xmlns%3D%22http%3A%2F%2Fwww.w3.org%2F2000%2Fsvg%22%20preserveAspectRatio%3D%22none%22%20viewBox%3D%220%200%20156%20156%22%3E%3Cpath%20fill%3D%22%23FAF1ED%22%20d%3D%22M0%200h156v156H0z%22%20%2F%3E%3Cpath%20fill%3D%22%23F2B203%22%20d%3D%22M129.486%20156H156V0h-53.961c1.982%2011.358%206.663%2021.346%2013.702%2027.5l.757.662c14.837%2012.97%2019.241%2042.948%209.84%2066.953l-.479%201.223c-7.923%2020.231-6.041%2044.702%203.627%2059.662z%22%2F%3E%3Cpath%20fill%3D%22%23FFCCCC%22%20d%3D%22M40.734%20156H0V76.867C21.271%2090.92%2036.97%20120.477%2040.734%20156z%22%20%2F%3E%3C%2Fsvg%3E']",143. The Shops at Columbus Circle,395,"{'lat': 40.76280975, 'lng': -73.99315643}",Shopping Malls,4.0,59.0
38,143,United States,New York (NY),New York City,https://www.tripadvisor.com/Attraction_Review-g60763-d12927367-Reviews-The_High_Line_Park-New_York_City_New_York.html,"['data:image/svg+xml;utf8,%3C%3Fxml%20version%3D%221.0%22%20%3F%3E%3Csvg%20xmlns%3D%22http%3A%2F%2Fwww.w3.org%2F2000%2Fsvg%22%20preserveAspectRatio%3D%22none%22%20viewBox%3D%220%200%20156%20156%22%3E%3Cpath%20fill%3D%22%23FAF1ED%22%20d%3D%22M0%200h156v156H0z%22%20%2F%3E%3Cpath%20fill%3D%22%23F2B203%22%20d%3D%22M129.486%20156H156V0h-53.961c1.982%2011.358%206.663%2021.346%2013.702%2027.5l.757.662c14.837%2012.97%2019.241%2042.948%209.84%2066.953l-.479%201.223c-7.923%2020.231-6.041%2044.702%203.627%2059.662z%22%2F%3E%3Cpath%20fill%3D%22%23FFCCCC%22%20d%3D%22M40.734%20156H0V76.867C21.271%2090.92%2036.97%20120.477%2040.734%20156z%22%20%2F%3E%3C%2Fsvg%3E', 'data:image/svg+xml;utf8,%3C%3Fxml%20version%3D%221.0%22%20%3F%3E%3Csvg%20xmlns%3D%22http%3A%2F%2Fwww.w3.org%2F2000%2Fsvg%22%20preserveAspectRatio%3D%22none%22%20viewBox%3D%220%200%20156%20156%22%3E%3Cpath%20fill%3D%22%23FAF1ED%22%20d%3D%22M0%200h156v156H0z%22%20%2F%3E%3Cpath%20fill%3D%22%23F2B203%22%20d%3D%22M129.486%20156H156V0h-53.961c1.982%2011.358%206.663%2021.346%2013.702%2027.5l.757.662c14.837%2012.97%2019.241%2042.948%209.84%2066.953l-.479%201.223c-7.923%2020.231-6.041%2044.702%203.627%2059.662z%22%2F%3E%3Cpath%20fill%3D%22%23FFCCCC%22%20d%3D%22M40.734%20156H0V76.867C21.271%2090.92%2036.97%20120.477%2040.734%20156z%22%20%2F%3E%3C%2Fsvg%3E']",144. The High Line Park,118,"{'lat': 40.75325012, 'lng': -74.00380707}",Points of Interest & Landmarks • Parks,4.5,0.0
39,144,United States,New York (NY),New York City,https://www.tripadvisor.com/Attraction_Review-g60763-d12940487-Reviews-NYC_Perfect_Transportation-New_York_City_New_York.html,"['data:image/svg+xml;utf8,%3C%3Fxml%20version%3D%221.0%22%20%3F%3E%3Csvg%20xmlns%3D%22http%3A%2F%2Fwww.w3.org%2F2000%2Fsvg%22%20preserveAspectRatio%3D%22none%22%20viewBox%3D%220%200%20156%20156%22%3E%3Cpath%20fill%3D%22%23FAF1ED%22%20d%3D%22M0%200h156v156H0z%22%20%2F%3E%3Cpath%20fill%3D%22%23F2B203%22%20d%3D%22M129.486%20156H156V0h-53.961c1.982%2011.358%206.663%2021.346%2013.702%2027.5l.757.662c14.837%2012.97%2019.241%2042.948%209.84%2066.953l-.479%201.223c-7.923%2020.231-6.041%2044.702%203.627%2059.662z%22%2F%3E%3Cpath%20fill%3D%22%23FFCCCC%22%20d%3D%22M40.734%20156H0V76.867C21.271%2090.92%2036.97%20120.477%2040.734%20156z%22%20%2F%3E%3C%2Fsvg%3E', 'data:image/svg+xml;utf8,%3C%3Fxml%20version%3D%221.0%22%20%3F%3E%3Csvg%20xmlns%3D%22http%3A%2F%2Fwww.w3.org%2F2000%2Fsvg%22%20preserveAspectRatio%3D%22none%22%20viewBox%3D%220%200%20156%20156%22%3E%3Cpath%20fill%3D%22%23FAF1ED%22%20d%3D%22M0%200h156v156H0z%22%20%2F%3E%3Cpath%20fill%3D%22%23F2B203%22%20d%3D%22M129.486%20156H156V0h-53.961c1.982%2011.358%206.663%2021.346%2013.702%2027.5l.757.662c14.837%2012.97%2019.241%2042.948%209.84%2066.953l-.479%201.223c-7.923%2020.231-6.041%2044.702%203.627%2059.662z%22%2F%3E%3Cpath%20fill%3D%22%23FFCCCC%22%20d%3D%22M40.734%20156H0V76.867C21.271%2090.92%2036.97%20120.477%2040.734%20156z%22%20%2F%3E%3C%2Fsvg%3E']",145. NYC Perfect Transportation,691,"{'lat': 40.71304703, 'lng': -74.00723267}",Taxis & Shuttles,5.0,0.0
40,145,United States,New York (NY),New York City,https://www.tripadvisor.com/Attraction_Review-g60763-d136064-Reviews-The_Metropolitan_Opera-New_York_City_New_York.html,"['data:image/svg+xml;utf8,%3C%3Fxml%20version%3D%221.0%22%20%3F%3E%3Csvg%20xmlns%3D%22http%3A%2F%2Fwww.w3.org%2F2000%2Fsvg%22%20preserveAspectRatio%3D%22none%22%20viewBox%3D%220%200%20156%20156%22%3E%3Cpath%20fill%3D%22%23FAF1ED%22%20d%3D%22M0%200h156v156H0z%22%20%2F%3E%3Cpath%20fill%3D%22%23F2B203%22%20d%3D%22M129.486%20156H156V0h-53.961c1.982%2011.358%206.663%2021.346%2013.702%2027.5l.757.662c14.837%2012.97%2019.241%2042.948%209.84%2066.953l-.479%201.223c-7.923%2020.231-6.041%2044.702%203.627%2059.662z%22%2F%3E%3Cpath%20fill%3D%22%23FFCCCC%22%20d%3D%22M40.734%20156H0V76.867C21.271%2090.92%2036.97%20120.477%2040.734%20156z%22%20%2F%3E%3C%2Fsvg%3E', 'data:image/svg+xml;utf8,%3C%3Fxml%20version%3D%221.0%22%20%3F%3E%3Csvg%20xmlns%3D%22http%3A%2F%2Fwww.w3.org%2F2000%2Fsvg%22%20preserveAspectRatio%3D%22none%22%20viewBox%3D%220%200%20156%20156%22%3E%3Cpath%20fill%3D%22%23FAF1ED%22%20d%3D%22M0%200h156v156H0z%22%20%2F%3E%3Cpath%20fill%3D%22%23F2B203%22%20d%3D%22M129.486%20156H156V0h-53.961c1.982%2011.358%206.663%2021.346%2013.702%2027.5l.757.662c14.837%2012.97%2019.241%2042.948%209.84%2066.953l-.479%201.223c-7.923%2020.231-6.041%2044.702%203.627%2059.662z%22%2F%3E%3Cpath%20fill%3D%22%23FFCCCC%22%20d%3D%22M40.734%20156H0V76.867C21.271%2090.92%2036.97%20120.477%2040.734%20156z%22%20%2F%3E%3C%2Fsvg%3E']",146. The Metropolitan Opera,3106,"{'lat': 40.77602386, 'lng': -73.98724365}",Operas • Theater & Performances,5.0,100.0
41,146,United States,New York (NY),New York City,https://www.tripadvisor.com/Attraction_Review-g60763-d8043064-Reviews-The_Magician_New_York-New_York_City_New_York.html,"['data:image/svg+xml;utf8,%3C%3Fxml%20version%3D%221.0%22%20%3F%3E%3Csvg%20xmlns%3D%22http%3A%2F%2Fwww.w3.org%2F2000%2Fsvg%22%20preserveAspectRatio%3D%22none%22%20viewBox%3D%220%200%20156%20156%22%3E%3Cpath%20fill%3D%22%23FAF1ED%22%20d%3D%22M0%200h156v156H0z%22%20%2F%3E%3Cpath%20fill%3D%22%23F2B203%22%20d%3D%22M129.486%20156H156V0h-53.961c1.982%2011.358%206.663%2021.346%2013.702%2027.5l.757.662c14.837%2012.97%2019.241%2042.948%209.84%2066.953l-.479%201.223c-7.923%2020.231-6.041%2044.702%203.627%2059.662z%22%2F%3E%3Cpath%20fill%3D%22%23FFCCCC%22%20d%3D%22M40.734%20156H0V76.867C21.271%2090.92%2036.97%20120.477%2040.734%20156z%22%20%2F%3E%3C%2Fsvg%3E', 'data:image/svg+xml;utf8,%3C%3Fxml%20version%3D%221.0%22%20%3F%3E%3Csvg%20xmlns%3D%22http%3A%2F%2Fwww.w3.org%2F2000%2Fsvg%22%20preserveAspectRatio%3D%22none%22%20viewBox%3D%220%200%20156%20156%22%3E%3Cpath%20fill%3D%22%23FAF1ED%22%20d%3D%22M0%200h156v156H0z%22%20%2F%3E%3Cpath%20fill%3D%22%23F2B203%22%20d%3D%22M129.486%20156H156V0h-53.961c1.982%2011.358%206.663%2021.346%2013.702%2027.5l.757.662c14.837%2012.97%2019.241%2042.948%209.84%2066.953l-.479%201.223c-7.923%2020.231-6.041%2044.702%203.627%2059.662z%22%2F%3E%3Cpath%20fill%3D%22%23FFCCCC%22%20d%3D%22M40.734%20156H0V76.867C21.271%2090.92%2036.97%20120.477%2040.734%20156z%22%20%2F%3E%3C%2Fsvg%3E']",147. The Magician New York,524,"{'lat': 40.74420166, 'lng': -73.98829651}",Theater & Performances,5.0,37.0
42,147,United States,New York (NY),New York City,https://www.tripadvisor.com/Attraction_Review-g60763-d3451944-Reviews-The_Phantom_of_the_Opera-New_York_City_New_York.html,"['data:image/svg+xml;utf8,%3C%3Fxml%20version%3D%221.0%22%20%3F%3E%3Csvg%20xmlns%3D%22http%3A%2F%2Fwww.w3.org%2F2000%2Fsvg%22%20preserveAspectRatio%3D%22none%22%20viewBox%3D%220%200%20156%20156%22%3E%3Cpath%20fill%3D%22%23FAF1ED%22%20d%3D%22M0%200h156v156H0z%22%20%2F%3E%3Cpath%20fill%3D%22%23F2B203%22%20d%3D%22M129.486%20156H156V0h-53.961c1.982%2011.358%206.663%2021.346%2013.702%2027.5l.757.662c14.837%2012.97%2019.241%2042.948%209.84%2066.953l-.479%201.223c-7.923%2020.231-6.041%2044.702%203.627%2059.662z%22%2F%3E%3Cpath%20fill%3D%22%23FFCCCC%22%20d%3D%22M40.734%20156H0V76.867C21.271%2090.92%2036.97%20120.477%2040.734%20156z%22%20%2F%3E%3C%2Fsvg%3E', 'data:image/svg+xml;utf8,%3C%3Fxml%20version%3D%221.0%22%20%3F%3E%3Csvg%20xmlns%3D%22http%3A%2F%2Fwww.w3.org%2F2000%2Fsvg%22%20preserveAspectRatio%3D%22none%22%20viewBox%3D%220%200%20156%20156%22%3E%3Cpath%20fill%3D%22%23FAF1ED%22%20d%3D%22M0%200h156v156H0z%22%20%2F%3E%3Cpath%20fill%3D%22%23F2B203%22%20d%3D%22M129.486%20156H156V0h-53.961c1.982%2011.358%206.663%2021.346%2013.702%2027.5l.757.662c14.837%2012.97%2019.241%2042.948%209.84%2066.953l-.479%201.223c-7.923%2020.231-6.041%2044.702%203.627%2059.662z%22%2F%3E%3Cpath%20fill%3D%22%23FFCCCC%22%20d%3D%22M40.734%20156H0V76.867C21.271%2090.92%2036.97%20120.477%2040.734%20156z%22%20%2F%3E%3C%2Fsvg%3E']",148. The Phantom of the Opera,6086,"{'lat': 40.75992584, 'lng': -73.98041534}",Operas • Theater & Performances,4.5,111.54
43,148,United States,New York (NY),New York City,https://www.tripadvisor.com/Attraction_Review-g60763-d4358744-Reviews-Williamsburg_Bridge-New_York_City_New_York.html,"['data:image/svg+xml;utf8,%3C%3Fxml%20version%3D%221.0%22%20%3F%3E%3Csvg%20xmlns%3D%22http%3A%2F%2Fwww.w3.org%2F2000%2Fsvg%22%20preserveAspectRatio%3D%22none%22%20viewBox%3D%220%200%20156%20156%22%3E%3Cpath%20fill%3D%22%23FAF1ED%22%20d%3D%22M0%200h156v156H0z%22%20%2F%3E%3Cpath%20fill%3D%22%23F2B203%22%20d%3D%22M129.486%20156H156V0h-53.961c1.982%2011.358%206.663%2021.346%2013.702%2027.5l.757.662c14.837%2012.97%2019.241%2042.948%209.84%2066.953l-.479%201.223c-7.923%2020.231-6.041%2044.702%203.627%2059.662z%22%2F%3E%3Cpath%20fill%3D%22%23FFCCCC%22%20d%3D%22M40.734%20156H0V76.867C21.271%2090.92%2036.97%20120.477%2040.734%20156z%22%20%2F%3E%3C%2Fsvg%3E', 'data:image/svg+xml;utf8,%3C%3Fxml%20version%3D%221.0%22%20%3F%3E%3Csvg%20xmlns%3D%22http%3A%2F%2Fwww.w3.org%2F2000%2Fsvg%22%20preserveAspectRatio%3D%22none%22%20viewBox%3D%220%200%20156%20156%22%3E%3Cpath%20fill%3D%22%23FAF1ED%22%20d%3D%22M0%200h156v156H0z%22%20%2F%3E%3Cpath%20fill%3D%22%23F2B203%22%20d%3D%22M129.486%20156H156V0h-53.961c1.982%2011.358%206.663%2021.346%2013.702%2027.5l.757.662c14.837%2012.97%2019.241%2042.948%209.84%2066.953l-.479%201.223c-7.923%2020.231-6.041%2044.702%203.627%2059.662z%22%2F%3E%3Cpath%20fill%3D%22%23FFCCCC%22%20d%3D%22M40.734%20156H0V76.867C21.271%2090.92%2036.97%20120.477%2040.734%20156z%22%20%2F%3E%3C%2Fsvg%3E']",149. Williamsburg Bridge,193,"{'lat': 40.70780182, 'lng': -74.01190186}",Bridges,4.5,32.0
44,149,United States,New York (NY),New York City,https://www.tripadvisor.com/Attraction_Review-g60763-d16806084-Reviews-Pip_s_Island-New_York_City_New_York.html,"['data:image/svg+xml;utf8,%3C%3Fxml%20version%3D%221.0%22%20%3F%3E%3Csvg%20xmlns%3D%22http%3A%2F%2Fwww.w3.org%2F2000%2Fsvg%22%20preserveAspectRatio%3D%22none%22%20viewBox%3D%220%200%20156%20156%22%3E%3Cpath%20fill%3D%22%23FAF1ED%22%20d%3D%22M0%200h156v156H0z%22%20%2F%3E%3Cpath%20fill%3D%22%23F2B203%22%20d%3D%22M129.486%20156H156V0h-53.961c1.982%2011.358%206.663%2021.346%2013.702%2027.5l.757.662c14.837%2012.97%2019.241%2042.948%209.84%2066.953l-.479%201.223c-7.923%2020.231-6.041%2044.702%203.627%2059.662z%22%2F%3E%3Cpath%20fill%3D%22%23FFCCCC%22%20d%3D%22M40.734%20156H0V76.867C21.271%2090.92%2036.97%20120.477%2040.734%20156z%22%20%2F%3E%3C%2Fsvg%3E', 'data:image/svg+xml;utf8,%3C%3Fxml%20version%3D%221.0%22%20%3F%3E%3Csvg%20xmlns%3D%22http%3A%2F%2Fwww.w3.org%2F2000%2Fsvg%22%20preserveAspectRatio%3D%22none%22%20viewBox%3D%220%200%20156%20156%22%3E%3Cpath%20fill%3D%22%23FAF1ED%22%20d%3D%22M0%200h156v156H0z%22%20%2F%3E%3Cpath%20fill%3D%22%23F2B203%22%20d%3D%22M129.486%20156H156V0h-53.961c1.982%2011.358%206.663%2021.346%2013.702%2027.5l.757.662c14.837%2012.97%2019.241%2042.948%209.84%2066.953l-.479%201.223c-7.923%2020.231-6.041%2044.702%203.627%2059.662z%22%2F%3E%3Cpath%20fill%3D%22%23FFCCCC%22%20d%3D%22M40.734%20156H0V76.867C21.271%2090.92%2036.97%20120.477%2040.734%20156z%22%20%2F%3E%3C%2Fsvg%3E']",150. Pip's Island,80,"{'lat': 40.75611115, 'lng': -74.00055695}",Theaters,5.0,39.0
